Team,Year,state,Num_Athletes,Total_Medals,Gdp,Population
Afghanistan,1960,Asia,12,0,537777811,8622466.0
Afghanistan,1964,Asia,8,0,800000044,9355514.0
Afghanistan,1968,Asia,5,0,1373333366,10247780.0
Afghanistan,1972,Asia,8,0,1595555475,11286753.0
Afghanistan,1980,Asia,11,0,3641723321,12486631.0
Afghanistan,2004,Asia,5,0,5226778808,23553551.0
Afghanistan,2008,Asia,4,1,10109225813,26427199.0
Afghanistan,2012,Asia,6,1,20001598505,30466479.0
Afghanistan,2016,Asia,3,0,18017749073,34636207.0
Afghanistan,2020,Asia,5,0,19807067268,38972230.0
Albania,1992,Europe,7,0,652174990,3247039.0
Albania,1996,Europe,7,0,3199642579,3168033.0
Albania,2000,Europe,4,0,3480355188,3089027.0
Albania,2004,Europe,7,0,7184681398,3026939.0
Albania,2008,Europe,11,0,12881354103,2947314.0
Albania,2012,Europe,9,0,12319830252,2900401.0
Albania,2016,Europe,6,0,11861200797,2876101.0
Albania,2020,Europe,9,0,14799615097,2837849.0
Algeria,1964,Africa,1,0,2909292864,12179099.0
Algeria,1968,Africa,3,0,3852115816,13190975.0
Algeria,1972,Africa,5,0,6766766610,14439748.0
Algeria,1980,Africa,54,0,42346380830,18739378.0
Algeria,1984,Africa,33,2,53698278905,21393530.0
Algeria,1988,Africa,42,0,59089067187,24243018.0
Algeria,1992,Africa,35,2,48003078388,26748303.0
Algeria,1996,Africa,45,3,46941582519,28984634.0
Algeria,2000,Africa,47,5,54790379458,30774621.0
Algeria,2004,Africa,61,0,85332581188,32510186.0
Algeria,2008,Africa,56,2,171000653424,34569592.0
Algeria,2012,Africa,38,1,209058991952,37260563.0
Algeria,2016,Africa,64,2,160034162957,40339329.0
Algeria,2020,Africa,41,0,145163902228,43451666.0
American Samoa,2004,Oceania,3,0,509000000,57626.0
American Samoa,2008,Oceania,4,0,560000000,55891.0
American Samoa,2012,Oceania,4,0,640000000,53691.0
American Samoa,2016,Oceania,4,0,671000000,50448.0
Andorra,1976,Europe,3,0,227281024,29294.0
Andorra,1980,Europe,2,0,446416105,35611.0
Andorra,1984,Europe,2,0,330070689,42181.0
Andorra,1988,Europe,3,0,721425939,49654.0
Andorra,1992,Europe,8,0,1210013651,57283.0
Andorra,1996,Europe,8,0,1223945356,64147.0
Andorra,2000,Europe,5,0,1429049198,66097.0
Andorra,2004,Europe,6,0,2894921777,76933.0
Andorra,2008,Europe,5,0,4085630584,76055.0
Andorra,2012,Europe,6,0,3188808942,71013.0
Andorra,2016,Europe,4,0,2896679211,72540.0
Angola,1980,Africa,11,0,5934073603,8330047.0
Angola,1988,Africa,24,0,8775116269,11060261.0
Angola,1992,Africa,28,0,8307810973,12632507.0
Angola,1996,Africa,28,0,7526963963,14383350.0
Angola,2000,Africa,30,0,9129634978,16394062.0
Angola,2004,Africa,30,0,23552052407,18771125.0
Angola,2008,Africa,32,0,88538611205,21691522.0
Angola,2012,Africa,33,0,128052853643,25188292.0
Angola,2016,Africa,26,0,101123851090,29154746.0
Angola,2020,Africa,20,0,62306913444,33428486.0
Antigua and Barbuda,1984,America,14,0,208372846,65362.0
Antigua and Barbuda,1988,America,15,0,398637727,63982.0
Antigua and Barbuda,1992,America,13,0,499281481,64659.0
Antigua and Barbuda,1996,America,13,0,633729629,69798.0
Antigua and Barbuda,2000,America,3,0,826370370,75055.0
Antigua and Barbuda,2004,America,5,0,919729629,78941.0
Antigua and Barbuda,2008,America,5,0,1370070370,83251.0
Antigua and Barbuda,2012,America,4,0,1199948148,87674.0
Antigua and Barbuda,2016,America,8,0,1436585185,90564.0
Antigua and Barbuda,2020,America,6,0,1415059259,92664.0
Argentina,1964,America,97,1,25605249381,21708487.0
Argentina,1968,America,89,2,26436857247,23112971.0
Argentina,1972,America,92,1,27786400318,24612794.0
Argentina,1976,America,69,0,51169499890,26290257.0
Argentina,1984,America,81,0,79092001998,29832197.0
Argentina,1988,America,118,2,126206817196,31690792.0
Argentina,1992,America,84,1,228788617201,33568285.0
Argentina,1996,America,179,3,272149750000,35389362.0
Argentina,2000,America,138,4,284203750000,37070774.0
Argentina,2004,America,149,6,164657930452,38668796.0
Argentina,2008,America,131,6,361558037110,40273769.0
Argentina,2012,America,137,4,545982375701,41733271.0
Argentina,2016,America,213,4,557531376217,43590368.0
Argentina,2020,America,189,2,383066977653,45376763.0
Armenia,1996,Asia,32,2,1596968946,3298898.0
Armenia,2000,Asia,25,1,1911563668,3168523.0
Armenia,2004,Asia,18,0,3576615240,3065745.0
Armenia,2008,Asia,24,6,11662040713,2983421.0
Armenia,2012,Asia,24,3,10619320048,2914421.0
Armenia,2016,Asia,31,4,10546135160,2865835.0
Armenia,2020,Asia,17,4,12645459213,2805608.0
Aruba,1988,America,8,0,596423607,64332.0
Aruba,1992,America,5,0,958463184,70192.0
Aruba,1996,America,3,0,1379960893,79417.0
Aruba,2000,America,5,0,1873452513,89101.0
Aruba,2004,America,4,0,2228491620,93540.0
Aruba,2008,America,2,0,2745251396,97996.0
Aruba,2012,America,4,0,2534636871,102112.0
Aruba,2016,America,7,0,2983636871,104874.0
Australia,1960,Oceania,179,22,18577668271,10276477.0
Australia,1964,Oceania,233,17,23764139321,11167000.0
Australia,1968,Oceania,128,17,32665472057,12009000.0
Australia,1972,Oceania,168,17,51967289719,13177000.0
Australia,1976,Oceania,180,5,104921215177,14033000.0
Australia,1980,Oceania,120,9,149776044568,14692000.0
Australia,1984,Oceania,242,24,193242166274,15579391.0
Australia,1988,Oceania,252,14,235658469150,16532164.0
Australia,1992,Oceania,278,27,324884257479,17478635.0
Australia,1996,Oceania,412,40,400302731411,18224767.0
Australia,2000,Oceania,603,57,415222633925,19028802.0
Australia,2004,Oceania,460,50,612490396927,19932722.0
Australia,2008,Oceania,429,46,1053995523724,21249199.0
Australia,2012,Oceania,398,35,1546151783872,22733465.0
Australia,2016,Oceania,414,29,1208846993739,24190907.0
Australia,2020,Oceania,489,45,1330900925056,25649248.0
Austria,1960,Europe,96,2,6592693841,7047539.0
Austria,1964,Europe,54,0,9169983885,7223801.0
Austria,1968,Europe,43,4,12440625312,7415403.0
Austria,1972,Europe,111,3,22059612476,7544201.0
Austria,1976,Europe,60,1,42959976221,7565525.0
Austria,1980,Europe,83,4,82058912997,7549433.0
Austria,1984,Europe,102,3,67985344886,7561434.0
Austria,1988,Europe,73,1,133339397080,7585317.0
Austria,1992,Europe,102,2,195078126721,7840709.0
Austria,1996,Europe,70,3,237250948791,7959017.0
Austria,2000,Europe,92,3,196799778883,8011566.0
Austria,2004,Europe,70,7,300904221504,8171966.0
Austria,2008,Europe,66,3,430294287388,8321496.0
Austria,2012,Europe,70,0,409425234155,8429991.0
Austria,2016,Europe,67,1,395568644341,8736668.0
Austria,2020,Europe,76,7,428965397959,8916864.0
Azerbaijan,1996,Asia,23,1,3176333837,7763000.0
Azerbaijan,2000,Asia,31,3,5272798390,8048600.0
Azerbaijan,2004,Asia,36,5,8680370408,8306500.0
Azerbaijan,2008,Asia,44,7,48852482960,8763400.0
Azerbaijan,2012,Asia,52,10,69683935845,9295784.0
Azerbaijan,2016,Asia,56,18,37867518957,9757812.0
Azerbaijan,2020,Asia,44,7,42607176470,10093121.0
Bahrain,1984,Asia,10,0,3905585106,419217.0
Bahrain,1988,Asia,7,0,3702393617,483337.0
Bahrain,1992,Asia,10,0,4751063829,554470.0
Bahrain,1996,Asia,5,0,6101861436,632756.0
Bahrain,2000,Asia,4,0,9062898936,711442.0
Bahrain,2004,Asia,10,0,13150159574,833451.0
Bahrain,2008,Asia,14,0,25710904255,1110343.0
Bahrain,2012,Asia,12,1,30749308510,1224939.0
Bahrain,2016,Asia,33,2,32234973404,1409661.0
Bangladesh,1984,Asia,1,0,18920840000,93534239.0
Bangladesh,1988,Asia,6,0,26579005760,102688833.0
Bangladesh,1992,Asia,6,0,31708874594,111272102.0
Bangladesh,1996,Asia,4,0,46438484107,119876868.0
Bangladesh,2000,Asia,5,0,53369787318,129193327.0
Bangladesh,2004,Asia,4,0,65108544250,138789725.0
Bangladesh,2008,Asia,5,0,91631278239,145421318.0
Bangladesh,2012,Asia,5,0,133355749482,152090649.0
Bangladesh,2016,Asia,6,0,221415188000,159784568.0
Bangladesh,2020,Asia,6,0,324239176765,167420951.0
Barbados,1976,America,11,0,435911268,248359.0
Barbados,1984,America,16,0,1346890071,257279.0
Barbados,1988,America,17,0,1812757917,258762.0
Barbados,1992,America,17,0,1957000000,260212.0
Barbados,1996,America,13,0,2363645403,262793.0
Barbados,2000,America,18,1,3059500000,264657.0
Barbados,2004,America,10,0,3444500000,268505.0
Barbados,2008,America,8,0,4785000000,272635.0
Barbados,2012,America,6,0,4610000000,276197.0
Barbados,2016,America,11,0,4830000000,278649.0
Barbados,2020,America,8,0,4365500000,280693.0
Belarus,1996,Europe,157,15,14756846153,10159569.0
Belarus,2000,Europe,139,17,12738912133,9979610.0
Belarus,2004,Europe,151,13,23144351851,9730146.0
Belarus,2008,Europe,175,18,60763483146,9527985.0
Belarus,2012,Europe,160,12,65685102554,9446836.0
Belarus,2016,Europe,120,9,47722657820,9469379.0
Belarus,2020,Europe,103,7,60258239055,9379952.0
Belgium,1960,Europe,98,4,11658722590,9153489.0
Belgium,1964,Europe,61,3,15960106680,9378113.0
Belgium,1968,Europe,82,2,21376353113,9618756.0
Belgium,1972,Europe,88,2,37209418018,9711115.0
Belgium,1976,Europe,101,6,71113882967,9818227.0
Belgium,1980,Europe,59,1,126829314388,9859242.0
Belgium,1984,Europe,63,4,83349530159,9855372.0
Belgium,1988,Europe,59,2,162299103675,9901664.0
Belgium,1992,Europe,68,3,234781652446,10045158.0
Belgium,1996,Europe,61,6,279201433224,10156637.0
Belgium,2000,Europe,68,5,236204532891,10251250.0
Belgium,2004,Europe,50,3,368537000248,10421137.0
Belgium,2008,Europe,94,2,515223524241,10709973.0
Belgium,2012,Europe,111,3,496181260258,11106932.0
Belgium,2016,Europe,104,6,475739588764,11331422.0
Belgium,2020,Europe,130,7,515332499627,11538604.0
Belize,1968,America,7,0,44910179,114825.0
Belize,1972,America,1,0,66062500,125054.0
Belize,1976,America,4,0,96905829,133471.0
Belize,1984,America,11,0,214381949,159721.0
Belize,1988,America,10,0,320093360,174817.0
Belize,1992,America,10,0,518559700,190299.0
Belize,1996,America,5,0,641660005,209840.0
Belize,2000,America,2,0,832072464,240406.0
Belize,2004,America,2,0,1051386576,272128.0
Belize,2008,America,4,0,1351338648,305671.0
Belize,2012,America,3,0,1522897506,337059.0
Belize,2016,America,3,0,1789304087,367313.0
Belize,2020,America,3,0,1763696118,394921.0
Benin,1972,Africa,3,0,410331900,3156408.0
Benin,1980,Africa,16,0,1405251547,3833939.0
Benin,1984,Africa,3,0,1051133927,4293070.0
Benin,1988,Africa,7,0,1620246187,4831624.0
Benin,1992,Africa,6,0,1695315305,5457778.0
Benin,1996,Africa,5,0,2361116448,6203860.0
Benin,2000,Africa,4,0,2569186642,6998023.0
Benin,2004,Africa,4,0,4521424807,7894554.0
Benin,2008,Africa,5,0,7132787396,8906469.0
Benin,2012,Africa,5,0,8152088222,10014078.0
Benin,2016,Africa,6,0,8578984066,11260085.0
Benin,2020,Africa,7,0,15651545208,12643123.0
Bermuda,1960,America,1,0,84466654,44400.0
Bermuda,1964,America,1,0,107566650,48900.0
Bermuda,1968,America,6,0,150000000,53000.0
Bermuda,1972,America,9,0,235400000,54200.0
Bermuda,1976,America,16,1,386300000,53200.0
Bermuda,1984,America,12,0,985699968,56423.0
Bermuda,1988,America,12,0,1415100032,58347.0
Bermuda,1992,America,20,0,1679900000,58595.0
Bermuda,1996,America,9,0,2695390000,60129.0
Bermuda,2000,America,6,0,3480219000,61833.0
Bermuda,2004,America,10,0,4484703000,63740.0
Bermuda,2008,America,6,0,6980000000,65273.0
Bermuda,2012,America,8,0,6378188000,64798.0
Bermuda,2016,America,8,0,6899911000,64554.0
Bhutan,1984,Asia,6,0,160459970,470165.0
Bhutan,1988,Asia,3,0,272241005,529051.0
Bhutan,1992,Asia,6,0,240215763,545944.0
Bhutan,1996,Asia,2,0,303435517,537494.0
Bhutan,2000,Asia,2,0,424464089,587207.0
Bhutan,2004,Asia,2,0,682523857,649991.0
Bhutan,2008,Asia,2,0,1227808790,689737.0
Bhutan,2012,Asia,2,0,1781281281,721145.0
Bhutan,2016,Asia,2,0,2158972129,749761.0
Bhutan,2020,Asia,4,0,2409262838,772506.0
Bolivia,1964,America,1,0,812543072,4029472.0
Bolivia,1968,America,4,0,857912457,4389249.0
Bolivia,1972,America,11,0,1257615644,4793804.0
Bolivia,1976,America,4,0,2731984007,5244355.0
Bolivia,1984,America,11,0,6169501037,6251926.0
Bolivia,1988,America,7,0,4597615562,6804072.0
Bolivia,1992,America,13,0,5643893347,7394419.0
Bolivia,1996,America,8,0,7396966657,7989367.0
Bolivia,2000,America,5,0,8397912509,8592656.0
Bolivia,2004,America,7,0,8773451738,9216279.0
Bolivia,2008,America,7,0,16674324634,9880593.0
Bolivia,2012,America,5,0,27084497481,10569697.0
Bolivia,2016,America,12,0,33941126193,11263015.0
Bolivia,2020,America,5,0,36688861202,11936162.0
Bosnia and Herzegovina,1996,Europe,9,0,2786045321,3907751.0
Bosnia and Herzegovina,2000,Europe,9,0,5505887894,4179350.0
Bosnia and Herzegovina,2004,Europe,9,0,10596205714,4142860.0
Bosnia and Herzegovina,2008,Europe,5,0,19112739664,3943392.0
Bosnia and Herzegovina,2012,Europe,6,0,17226849297,3674374.0
Bosnia and Herzegovina,2016,Europe,11,0,16913330693,3480986.0
Bosnia and Herzegovina,2020,Europe,7,0,19788422248,3318407.0
Botswana,1980,Africa,7,0,1060923829,938578.0
Botswana,1984,Africa,7,0,1240796364,1099170.0
Botswana,1988,Africa,8,0,2644536804,1261272.0
Botswana,1992,Africa,6,0,4146513722,1420695.0
Botswana,1996,Africa,7,0,4847752842,1582169.0
Botswana,2000,Africa,7,0,5788329609,1726985.0
Botswana,2004,Africa,11,0,8957467706,1859085.0
Botswana,2008,Africa,11,0,10945070441,2007320.0
Botswana,2012,Africa,4,1,14380004175,2175425.0
Botswana,2016,Africa,12,0,15646354089,2352416.0
Botswana,2020,Africa,14,1,15781732825,2546402.0
Brazil,1960,America,68,2,15165569912,73092515.0
Brazil,1964,America,57,1,21211892259,82262794.0
Brazil,1968,America,75,3,33875881876,91659246.0
Brazil,1972,America,80,2,58539008786,101194394.0
Brazil,1976,America,79,2,152678020452,111286504.0
Brazil,1980,America,106,4,235024598983,122288383.0
Brazil,1984,America,147,8,209023912696,133888775.0
Brazil,1988,America,157,6,330397381998,145253973.0
Brazil,1992,America,181,3,400599250000,155900790.0
Brazil,1996,America,212,13,850426432991,166037122.0
Brazil,2000,America,189,9,655420645476,175873720.0
Brazil,2004,America,234,8,669316654017,184722043.0
Brazil,2008,America,258,14,1695824565983,192672317.0
Brazil,2012,America,236,15,2465188674415,199977707.0
Brazil,2016,America,448,17,1795700168991,206859578.0
Brazil,2020,America,319,21,1444733258971,213196304.0
Bulgaria,1980,Europe,270,41,19839230769,8861535.0
Bulgaria,1988,Europe,172,35,22555941176,8981446.0
Bulgaria,1992,Europe,134,16,10350515463,8540164.0
Bulgaria,1996,Europe,108,15,12294221472,8362826.0
Bulgaria,2000,Europe,91,13,13245833843,8170172.0
Bulgaria,2004,Europe,95,12,26157894736,7716860.0
Bulgaria,2008,Europe,70,5,54438966419,7492561.0
Bulgaria,2012,Europe,63,2,54033250328,7305888.0
Bulgaria,2016,Europe,50,3,53806894796,7127822.0
Bulgaria,2020,Europe,42,6,69105101089,6934015.0
Burkina Faso,1972,Africa,1,0,578595583,5805283.0
Burkina Faso,1988,Africa,6,0,2616040645,8663720.0
Burkina Faso,1992,Africa,4,0,2240264711,9598555.0
Burkina Faso,1996,Africa,5,0,2586550747,10621210.0
Burkina Faso,2000,Africa,4,0,2968369991,11882888.0
Burkina Faso,2004,Africa,5,0,5451688868,13445977.0
Burkina Faso,2008,Africa,6,0,9451436358,15197915.0
Burkina Faso,2012,Africa,5,0,12561016091,17113732.0
Burkina Faso,2016,Africa,5,0,12833363370,19275498.0
Burkina Faso,2020,Africa,7,1,17369059295,21522626.0
Burundi,1996,Africa,7,1,869033856,5930507.0
Burundi,2000,Africa,6,0,870486065,6307659.0
Burundi,2004,Africa,7,0,915257323,7120496.0
Burundi,2008,Africa,3,0,1611835901,8278109.0
Burundi,2012,Africa,6,0,2333308059,9795479.0
Burundi,2016,Africa,9,1,2959641046,10903327.0
Burundi,2020,Africa,6,0,3258187232,12220227.0
Cambodia,1964,Asia,11,0,782857128,6040847.0
Cambodia,1972,Asia,9,0,505549441,6766289.0
Cambodia,1996,Asia,5,0,3506695719,11182612.0
Cambodia,2000,Asia,4,0,3654031716,12118841.0
Cambodia,2004,Asia,4,0,5337833248,13016371.0
Cambodia,2008,Asia,4,0,10351914093,13943888.0
Cambodia,2012,Asia,6,0,14054443213,14786640.0
Cambodia,2016,Asia,6,0,20016747754,15624584.0
Cambodia,2020,Asia,3,0,25291251427,16396860.0
Cameroon,1964,Africa,1,0,776650126,5556209.0
Cameroon,1968,Africa,5,1,1046191192,6127193.0
Cameroon,1972,Africa,11,0,1498252050,6809468.0
Cameroon,1976,Africa,4,0,2898089929,7598028.0
Cameroon,1980,Africa,25,0,6674567625,8519891.0
Cameroon,1984,Africa,46,1,7311937457,9508570.0
Cameroon,1988,Africa,15,0,12236058143,10759573.0
Cameroon,1992,Africa,8,0,12071775380,12128604.0
Cameroon,1996,Africa,15,0,10313258944,13575324.0
Cameroon,2000,Africa,34,1,10109045070,15091594.0
Cameroon,2004,Africa,17,1,17462229588,16809407.0
Cameroon,2008,Africa,32,1,26516681614,18777081.0
Cameroon,2012,Africa,32,0,29102772799,21032684.0
Cameroon,2016,Africa,22,0,32643697595,23711630.0
Cameroon,2020,Africa,12,0,39802147568,26491087.0
Canada,1960,America,75,1,40461721692,17909356.0
Canada,1964,America,105,4,49377522896,19325000.0
Canada,1968,America,139,5,71829810519,20744000.0
Canada,1972,America,207,5,113082820486,22218463.0
Canada,1976,America,385,11,206575564908,23449808.0
Canada,1984,America,408,44,355372558103,25607053.0
Canada,1988,America,328,10,507354351182,26791747.0
Canada,1992,America,294,18,592387689252,28371264.0
Canada,1996,America,298,21,628546387972,29610218.0
Canada,2000,America,288,14,744773415931,30685730.0
Canada,2004,America,256,12,1026690238278,31940655.0
Canada,2008,America,332,19,1552989690721,33247118.0
Canada,2012,America,272,18,1828366481521,34714222.0
Canada,2016,America,301,22,1527994741907,36109487.0
Canada,2020,America,386,24,1643407977068,38007166.0
Cayman Islands,1996,America,9,0,1012444074,34194.0
Cayman Islands,2008,America,4,0,4586114124,51123.0
Cayman Islands,2012,America,4,0,4291159006,56860.0
Cayman Islands,2016,America,5,0,4909498979,62255.0
Chad,1964,Africa,2,0,392247517,3273419.0
Chad,1968,Africa,3,0,453980096,3526770.0
Chad,1972,Africa,4,0,585427545,3824399.0
Chad,1984,Africa,3,0,919103735,4920556.0
Chad,1988,Africa,6,0,1482597298,5483038.0
Chad,1992,Africa,6,0,1881847676,6302926.0
Chad,1996,Africa,4,0,1607345450,7200291.0
Chad,2000,Africa,2,0,1388506726,8259137.0
Chad,2004,Africa,1,0,4422855929,9613503.0
Chad,2008,Africa,2,0,10393834720,11098664.0
Chad,2012,Africa,2,0,12367363677,12754906.0
Chad,2016,Africa,2,0,10097778353,14592585.0
Chad,2020,Africa,3,0,10093118570,16644701.0
Chile,1960,America,9,0,4110000000,8141820.0
Chile,1964,America,14,0,5982347826,8825046.0
Chile,1968,America,21,0,7167086956,9491502.0
Chile,1972,America,11,0,11853817307,10145765.0
Chile,1976,America,7,0,10341925249,10804869.0
Chile,1984,America,52,0,19622527479,12147758.0
Chile,1988,America,17,1,26040229793,12918389.0
Chile,1992,America,12,0,45964327558,13782297.0
Chile,1996,America,21,0,78039572221,14615483.0
Chile,2000,America,50,1,77860932151,15351799.0
Chile,2004,America,22,3,99210392857,16017966.0
Chile,2008,America,26,1,179638496278,16661462.0
Chile,2012,America,35,0,267122320056,17341771.0
Chile,2016,America,42,0,250440149690,18083879.0
Chile,2020,America,57,0,252940023046,19300315.0
China,1984,Asia,215,32,259946510957,1036825000.0
China,1988,Asia,270,27,312353631207,1101630000.0
China,1992,Asia,233,47,426915712715,1164970000.0
China,1996,Asia,277,44,863746717507,1217550000.0
China,2000,Asia,252,51,1211346869600,1262645000.0
China,2004,Asia,354,57,1955347004965,1296075000.0
China,2008,Asia,567,93,4594307032667,1324655000.0
China,2012,Asia,354,84,8532229986993,1354190000.0
China,2016,Asia,378,68,11233276536744,1387790000.0
China,2020,Asia,417,85,14722730697890,1411100000.0
Comoros,1996,Africa,4,0,230495751,494288.0
Comoros,2000,Africa,2,0,351136568,536758.0
Comoros,2004,Africa,3,0,633706149,581154.0
Comoros,2008,Africa,3,0,915659192,629470.0
Comoros,2012,Africa,3,0,1015843491,684553.0
Comoros,2016,Africa,4,0,1012835492,746232.0
Comoros,2020,Africa,3,0,1219690024,806166.0
Costa Rica,1964,America,2,0,542578367,1550661.0
Costa Rica,1968,America,18,0,773841494,1756333.0
Costa Rica,1972,America,3,0,1238251695,1955547.0
Costa Rica,1976,America,5,0,2412555425,2167544.0
Costa Rica,1980,America,29,0,4831447001,2414303.0
Costa Rica,1984,America,28,0,3660476458,2696200.0
Costa Rica,1988,America,16,1,4614629898,3001461.0
Costa Rica,1992,America,16,0,8564044017,3321939.0
Costa Rica,1996,America,11,1,11678424512,3656234.0
Costa Rica,2000,America,7,2,15013629665,3979193.0
Costa Rica,2004,America,20,0,18610594846,4252800.0
Costa Rica,2008,America,8,0,30801744881,4501921.0
Costa Rica,2012,America,11,0,47231651864,4736593.0
Costa Rica,2016,America,11,0,58847016044,4945205.0
Costa Rica,2020,America,14,0,61520669890,5123105.0
Croatia,1996,Europe,84,2,23846613059,4557097.0
Croatia,2000,Europe,88,2,21633759450,4468302.0
Croatia,2004,Europe,81,5,41587470546,4304600.0
Croatia,2008,Europe,99,5,70234425974,4309705.0
Croatia,2012,Europe,107,6,56580819623,4267558.0
Croatia,2016,Europe,85,10,51601147665,4174349.0
Croatia,2020,Europe,60,8,55966581780,4047680.0
Cuba,1972,America,137,8,8135150891,9169289.0
Cuba,1976,America,156,13,13789579902,9600862.0
Cuba,1980,America,203,20,19912889861,9809107.0
Cuba,1992,America,176,31,22085858243,10783748.0
Cuba,1996,America,164,25,25017368700,10963031.0
Cuba,2000,America,229,29,30565400000,11105791.0
Cuba,2004,America,151,27,38203000000,11225294.0
Cuba,2008,America,154,24,60806300000,11276609.0
Cuba,2012,America,109,14,73141000000,11309290.0
Cuba,2016,America,117,11,91370000000,11342012.0
Cyprus,1980,Europe,14,0,2154311276,679327.0
Cyprus,1984,Europe,10,0,2278248953,719678.0
Cyprus,1988,Europe,9,0,4278792597,766412.0
Cyprus,1992,Europe,17,0,6912150456,810431.0
Cyprus,1996,Europe,17,0,10011918444,880058.0
Cyprus,2000,Europe,22,0,9985844486,948237.0
Cyprus,2004,Europe,20,0,17320552500,1018684.0
Cyprus,2008,Europe,17,0,27844698989,1092390.0
Cyprus,2012,Europe,13,1,24978513426,1156556.0
Cyprus,2016,Europe,15,0,20953442550,1197881.0
Cyprus,2020,Europe,15,0,23804340376,1237537.0
Denmark,1960,Europe,91,4,6248946880,4579603.0
Denmark,1964,Europe,52,5,9506678762,4722072.0
Denmark,1968,Europe,62,8,13505573866,4864883.0
Denmark,1972,Europe,126,1,23232379951,4991596.0
Denmark,1976,Europe,66,3,44575892473,5072596.0
Denmark,1980,Europe,58,5,71127528699,5123027.0
Denmark,1984,Europe,60,6,59105236853,5111619.0
Denmark,1988,Europe,78,4,115552846616,5129516.0
Denmark,1992,Europe,101,6,152915654478,5171370.0
Denmark,1996,Europe,112,6,187632346387,5263074.0
Denmark,2000,Europe,89,6,164158739097,5339616.0
Denmark,2004,Europe,84,7,251373002954,5404523.0
Denmark,2008,Europe,80,6,353361038818,5493621.0
Denmark,2012,Europe,111,8,327148943812,5591572.0
Denmark,2016,Europe,117,15,313115929314,5728010.0
Denmark,2020,Europe,108,11,355184024841,5831404.0
Djibouti,1988,Africa,6,1,395794538,482337.0
Djibouti,1992,Africa,8,0,478058304,623197.0
Djibouti,1996,Africa,5,0,494004647,644649.0
Djibouti,2000,Africa,2,0,551230861,742033.0
Djibouti,2008,Africa,2,0,999105339,882886.0
Djibouti,2012,Africa,4,0,1353632941,954297.0
Djibouti,2016,Africa,7,0,1764268468,1023261.0
Djibouti,2020,Africa,4,0,3384404260,1090156.0
Dominica,1996,America,6,0,18241691857,69166.0
Dominica,1996,America,6,0,292285185,69166.0
Dominica,2000,America,4,0,24305717541,68346.0
Dominica,2000,America,4,0,333470370,68346.0
Dominica,2004,America,2,0,22322395368,68574.0
Dominica,2004,America,2,0,367200000,68574.0
Dominica,2008,America,2,0,48122547177,68782.0
Dominica,2008,America,2,0,458188888,68782.0
Dominica,2012,America,2,0,60681537195,68888.0
Dominica,2012,America,2,0,485996296,68888.0
Dominica,2016,America,2,0,75704720189,70075.0
Dominica,2016,America,2,0,576229629,70075.0
Dominica,2020,America,2,0,78844702329,71995.0
Dominica,2020,America,2,0,469870370,71995.0
Ecuador,1968,America,15,0,2582180794,5825663.0
Ecuador,1972,America,2,0,3185987234,6533630.0
Ecuador,1976,America,5,0,9091924304,7304349.0
Ecuador,1980,America,12,0,17881514682,8135845.0
Ecuador,1984,America,11,0,16912515183,9022979.0
Ecuador,1988,America,13,0,13051886552,9969788.0
Ecuador,1992,America,13,0,18094238119,10914222.0
Ecuador,1996,America,19,1,25226393196,11775221.0
Ecuador,2000,America,10,0,18327764882,12626507.0
Ecuador,2004,America,16,0,36591661000,13534593.0
Ecuador,2008,America,25,1,61762635000,14496797.0
Ecuador,2012,America,36,0,87924544000,15483883.0
Ecuador,2016,America,37,0,99937696000,16439585.0
Ecuador,2020,America,47,3,98808010000,17588595.0
El Salvador,1968,America,60,0,1009760100,3443251.0
El Salvador,1972,America,11,0,1263720000,3798109.0
El Salvador,1984,America,10,0,3661683400,4782219.0
El Salvador,1988,America,6,0,4189880000,5170440.0
El Salvador,1992,America,4,0,5813399300,5552206.0
El Salvador,1996,America,8,0,9586327800,5797140.0
El Salvador,2000,America,8,0,11784927700,5958482.0
El Salvador,2004,America,7,0,13724810900,6035655.0
El Salvador,2008,America,11,0,17986890000,6068099.0
El Salvador,2012,America,10,0,21386150000,6161289.0
El Salvador,2016,America,8,0,24191430000,6250510.0
El Salvador,2020,America,5,0,24638720000,6292731.0
Equatorial Guinea,1984,Africa,4,0,50320914,357995.0
Equatorial Guinea,1988,Africa,6,0,100534663,431587.0
Equatorial Guinea,1992,Africa,7,0,134707184,501334.0
Equatorial Guinea,1996,Africa,5,0,232463036,582573.0
Equatorial Guinea,2000,Africa,4,0,1045998496,684977.0
Equatorial Guinea,2004,Africa,2,0,4410764338,826355.0
Equatorial Guinea,2008,Africa,3,0,19749893536,994971.0
Equatorial Guinea,2012,Africa,2,0,22388344123,1193636.0
Equatorial Guinea,2016,Africa,1,0,11240808846,1398927.0
Equatorial Guinea,2020,Africa,3,0,10021856754,1596049.0
Eritrea,2000,Africa,3,0,706370815,2392880.0
Eritrea,2004,Africa,4,1,1109054005,2763140.0
Eritrea,2008,Africa,10,0,1380188800,3005779.0
Estonia,1996,Europe,43,0,4780170373,1415594.0
Estonia,2000,Europe,33,3,5694069842,1396985.0
Estonia,2004,Europe,42,3,12144397515,1362550.0
Estonia,2008,Europe,47,2,24371299252,1337090.0
Estonia,2012,Europe,32,2,23192708981,1322696.0
Estonia,2016,Europe,46,1,24259552888,1315790.0
Estonia,2020,Europe,33,2,31029968591,1329522.0
Eswatini,2020,Africa,4,0,3962493092,1180655.0
Ethiopia,1992,Africa,20,3,10492993077,52011554.0
Ethiopia,1996,Africa,18,3,8547939730,59347649.0
Ethiopia,2000,Africa,26,8,8242392103,67031867.0
Ethiopia,2004,Africa,26,7,10131187261,75301026.0
Ethiopia,2008,Africa,27,7,27066912635,84357105.0
Ethiopia,2012,Africa,33,7,43310721414,94451280.0
Ethiopia,2016,Africa,37,8,74296618481,105293228.0
Ethiopia,2020,Africa,37,4,107645054311,117190911.0
Finland,1960,Europe,109,5,5224102195,4429634.0
Finland,1964,Europe,84,5,7766655085,4548543.0
Finland,1968,Europe,66,4,8823033880,4626469.0
Finland,1972,Europe,96,8,14743186119,4639657.0
Finland,1976,Europe,83,6,31849513771,4725664.0
Finland,1980,Europe,105,8,53645202422,4779535.0
Finland,1984,Europe,86,12,52888800949,4881803.0
Finland,1988,Europe,78,4,109058990760,4946481.0
Finland,1992,Europe,87,5,112532519246,5041992.0
Finland,1996,Europe,76,4,132129174216,5124573.0
Finland,2000,Europe,70,4,125706651925,5176209.0
Finland,2004,Europe,53,2,197116960516,5228172.0
Finland,2008,Europe,57,4,284553976856,5313399.0
Finland,2012,Europe,56,3,258304834621,5413971.0
Finland,2016,Europe,54,1,240607907010,5495303.0
Finland,2020,Europe,45,2,271233883403,5529543.0
France,1960,Europe,228,5,62225478000,46649927.0
France,1964,Europe,136,15,94007851047,48733997.0
France,1968,Europe,200,15,129785441507,50817020.0
France,1972,Europe,227,13,203494148244,52637888.0
France,1976,Europe,206,9,372319038514,53966558.0
France,1980,Europe,121,14,701288419745,55052582.0
France,1984,Europe,238,28,530683779929,56275701.0
France,1988,Europe,266,16,1018847043277,57472651.0
France,1992,Europe,331,28,1401465923172,58849943.0
France,1996,Europe,293,36,1605675086549,59756533.0
France,2000,Europe,335,37,1362248940482,60921384.0
France,2004,Europe,307,33,2115742488204,62716306.0
France,2008,Europe,308,41,2918382891460,64379696.0
France,2012,Europe,323,33,2683825225092,65662240.0
France,2016,Europe,390,42,2471285607081,66724104.0
France,2020,Europe,396,32,2603004395901,67571107.0
Gabon,1972,Africa,1,0,430508357,622289.0
Gabon,1984,Africa,4,0,3561451562,833417.0
Gabon,1988,Africa,2,0,3834503378,930464.0
Gabon,1992,Africa,5,0,5592390848,1037446.0
Gabon,1996,Africa,7,0,5694040336,1150601.0
Gabon,2000,Africa,5,0,5080483463,1272935.0
Gabon,2004,Africa,5,0,7770219479,1417110.0
Gabon,2008,Africa,4,0,15571349775,1599978.0
Gabon,2012,Africa,21,1,17170465294,1836705.0
Gabon,2016,Africa,6,0,14023890620,2086206.0
Gabon,2020,Africa,5,0,15593181270,2292573.0
Georgia,1996,Asia,34,2,3095047603,4491699.0
Georgia,2000,Asia,36,6,3057475335,4077131.0
Georgia,2004,Asia,32,4,5125365191,3927340.0
Georgia,2008,Asia,35,6,12795076469,3848449.0
Georgia,2012,Asia,34,7,16488403076,3728874.0
Georgia,2016,Asia,40,7,15141758566,3727505.0
Georgia,2020,Asia,35,8,15891688903,3722716.0
Germany,1992,Europe,457,82,2131571696931,80624598.0
Germany,1996,Europe,459,64,2497244606186,81914831.0
Germany,2000,Europe,410,55,1943145384190,82211508.0
Germany,2004,Europe,427,48,2809187981127,82516260.0
Germany,2008,Europe,412,40,3730027830672,82110097.0
Germany,2012,Europe,374,43,3527344944139,80425823.0
Germany,2016,Europe,413,41,3467498002104,82348669.0
Germany,2020,Europe,415,37,3806060140124,83160871.0
Greece,1960,Europe,41,0,4335186016,8331725.0
Greece,1964,Europe,15,0,6669673257,8510429.0
Greece,1968,Europe,44,1,10090675902,8740765.0
Greece,1972,Europe,60,2,16885511363,8888628.0
Greece,1976,Europe,36,0,31152835820,9188150.0
Greece,1980,Europe,41,3,56829664268,9642505.0
Greece,1984,Europe,63,2,48020024183,9895801.0
Greece,1988,Europe,56,1,76261277924,10036983.0
Greece,1992,Europe,70,2,116224672863,10399061.0
Greece,1996,Europe,121,8,145861612400,10608800.0
Greece,2000,Europe,140,13,130133845586,10805808.0
Greece,2004,Europe,422,16,240521261484,10955141.0
Greece,2008,Europe,148,4,354460802695,11077841.0
Greece,2012,Europe,102,2,242053529231,11045011.0
Greece,2016,Europe,92,6,192732474229,10775971.0
Greece,2020,Europe,82,4,189410106620,10698599.0
Grenada,1984,America,6,0,145533310,99618.0
Grenada,1988,America,6,0,236357523,99877.0
Grenada,1992,America,4,0,310160444,101040.0
Grenada,1996,America,5,0,366911444,104846.0
Grenada,2000,America,3,0,520044370,107432.0
Grenada,2004,America,5,0,599118592,109516.0
Grenada,2008,America,9,0,825976037,112478.0
Grenada,2012,America,8,1,799882259,115912.0
Grenada,2016,America,6,1,1061631222,119966.0
Grenada,2020,America,6,1,1089203703,123663.0
Guam,2004,Oceania,4,0,3869000000,164004.0
Guam,2008,Oceania,6,0,4658000000,164725.0
Guam,2012,Oceania,8,0,5265000000,166392.0
Guam,2016,Oceania,5,0,5901000000,168346.0
Guatemala,1968,America,48,0,1610500000,5184095.0
Guatemala,1972,America,8,0,2101300000,5723759.0
Guatemala,1976,America,28,0,4365300200,6269983.0
Guatemala,1980,America,10,0,7878700000,6890346.0
Guatemala,1984,America,24,0,9470000100,7669863.0
Guatemala,1988,America,28,0,7841602824,8566331.0
Guatemala,1992,America,14,0,10440842165,9544055.0
Guatemala,1996,America,26,0,15674835615,10536942.0
Guatemala,2000,America,15,0,19288827158,11589761.0
Guatemala,2004,America,18,0,23577286226,12682108.0
Guatemala,2008,America,12,0,38503862830,13739299.0
Guatemala,2012,America,19,1,49593961141,14781942.0
Guatemala,2016,America,21,0,66053725049,15827690.0
Guatemala,2020,America,24,0,77604632170,16858333.0
Guinea,1988,Africa,6,0,2384295982,5977175.0
Guinea,1992,Africa,8,0,3284620543,6832195.0
Guinea,1996,Africa,5,0,3868968301,7683115.0
Guinea,2000,Africa,6,0,2995361140,8336967.0
Guinea,2004,Africa,3,0,3635458132,8961039.0
Guinea,2008,Africa,5,0,6964179193,9779785.0
Guinea,2012,Africa,4,0,7638045254,10788692.0
Guinea,2016,Africa,5,0,8595955581,11930985.0
Guinea,2020,Africa,5,0,15681050917,13205153.0
Guyana,1960,America,5,0,170215248,571990.0
Guyana,1964,America,1,0,194773376,635957.0
Guyana,1968,America,5,0,229750000,685887.0
Guyana,1972,America,3,0,285380952,721994.0
Guyana,1980,America,8,1,603200000,778176.0
Guyana,1984,America,10,0,437631605,776007.0
Guyana,1988,America,8,0,413799990,758450.0
Guyana,1992,America,6,0,373573141,744998.0
Guyana,1996,America,7,0,705406001,753571.0
Guyana,2000,America,4,0,712667896,759051.0
Guyana,2004,America,4,0,787814379,760424.0
Guyana,2008,America,4,0,1916994911,754150.0
Guyana,2012,America,6,0,2861562265,743966.0
Guyana,2016,America,6,0,3504024213,759087.0
Guyana,2020,America,7,0,5471256594,797202.0
Haiti,1960,America,1,0,273187200,3901139.0
Haiti,1972,America,7,0,372000000,4853117.0
Haiti,1976,America,13,0,879000000,5222342.0
Haiti,1984,America,3,0,1816200000,6119932.0
Haiti,1988,America,4,0,2613926800,6644959.0
Haiti,1992,America,7,0,2257121668,7205780.0
Haiti,1996,America,7,0,2907514522,7770593.0
Haiti,2000,America,5,0,3953846310,8360225.0
Haiti,2004,America,8,0,3537720277,8961489.0
Haiti,2008,America,7,0,6548530572,9575247.0
Haiti,2012,America,5,0,7890647021,10108539.0
Haiti,2016,America,10,0,7970649131,10713849.0
Haiti,2020,America,6,0,13417997065,11306801.0
Honduras,1968,America,6,0,646800000,2622982.0
Honduras,1976,America,3,0,1347999950,3334814.0
Honduras,1984,America,10,0,3319000000,4261919.0
Honduras,1988,America,8,0,3970386266,4778114.0
Honduras,1992,America,10,0,3419487440,5344774.0
Honduras,1996,America,7,0,4034037162,5976550.0
Honduras,2000,America,20,0,7186650135,6656725.0
Honduras,2004,America,5,0,8869311410,7383407.0
Honduras,2008,America,25,0,13881701033,8101777.0
Honduras,2012,America,25,0,18528601901,8792367.0
Honduras,2016,America,23,0,21717622071,9460798.0
Honduras,2020,America,27,0,23827840809,10121763.0
Hungary,1992,Europe,215,30,38730585922,10369341.0
Hungary,1996,Europe,212,21,46658755151,10311238.0
Hungary,2000,Europe,178,17,47218405892,10210971.0
Hungary,2004,Europe,206,17,103960017914,10107146.0
Hungary,2008,Europe,169,10,158136326477,10038188.0
Hungary,2012,Europe,151,18,128475498380,9920362.0
Hungary,2016,Europe,153,15,128470534117,9814023.0
Hungary,2020,Europe,171,20,155012927629,9750149.0
Iceland,1960,Europe,9,0,248434096,175574.0
Iceland,1964,Europe,4,0,434267936,188983.0
Iceland,1968,Europe,8,0,474399471,201488.0
Iceland,1972,Europe,25,0,839652164,209137.0
Iceland,1976,Europe,13,0,1669488389,220154.0
Iceland,1980,Europe,9,0,3381419042,228138.0
Iceland,1984,Europe,30,1,2864441355,239511.0
Iceland,1988,Europe,32,0,6106635769,249740.0
Iceland,1992,Europe,27,0,7080981668,261057.0
Iceland,1996,Europe,9,0,7426081278,268916.0
Iceland,2000,Europe,18,1,9025660361,281205.0
Iceland,2004,Europe,26,0,13825302535,292074.0
Iceland,2008,Europe,27,1,18074622987,317414.0
Iceland,2012,Europe,27,0,14751508133,320716.0
Iceland,2016,Europe,8,0,20793168030,335439.0
Iceland,2020,Europe,4,0,21714670569,366463.0
India,1960,Asia,45,1,37029883875,445954579.0
India,1964,Asia,52,1,56480289940,489059309.0
India,1968,Asia,23,1,53085455870,533431909.0
India,1972,Asia,41,1,71463193830,582837973.0
India,1976,Asia,26,0,102717164465,637451448.0
India,1980,Asia,71,1,186325345089,696828385.0
India,1984,Asia,47,0,212158234164,762895156.0
India,1988,Asia,46,0,296588994812,833729681.0
India,1992,Asia,52,0,288208430383,907574049.0
India,1996,Asia,49,1,392897054348,983281218.0
India,2000,Asia,65,1,468394937262,1059633675.0
India,2004,Asia,73,1,709148514804,1136264583.0
India,2008,Asia,53,3,1198895582137,1206734806.0
India,2012,Asia,79,6,1827637859136,1274487215.0
India,2016,Asia,112,2,2294797980509,1338636340.0
India,2020,Asia,126,7,2622983732006,1396387127.0
Indonesia,1968,Asia,6,0,7076465295,109138723.0
Indonesia,1972,Asia,6,0,10997590361,121504145.0
Indonesia,1976,Asia,7,0,37269156626,134521025.0
Indonesia,1984,Asia,16,0,84853699994,162331962.0
Indonesia,1988,Asia,29,1,84300174477,175694647.0
Indonesia,1992,Asia,34,4,128026966579,188558416.0
Indonesia,1996,Asia,28,3,227369679374,201373791.0
Indonesia,2000,Asia,35,5,165021012077,214072421.0
Indonesia,2004,Asia,30,3,256836875295,225938595.0
Indonesia,2008,Asia,18,3,510228634992,237936543.0
Indonesia,2012,Asia,22,2,917869910105,250222695.0
Indonesia,2016,Asia,24,2,931877364177,261850182.0
Indonesia,2020,Asia,28,5,1058423838345,271857970.0
Iraq,1960,Asia,21,1,1684121534,7084678.0
Iraq,1964,Asia,13,0,2340521142,7997655.0
Iraq,1968,Asia,3,0,2896947633,9156132.0
Iraq,1980,Asia,43,0,52569000000,13653369.0
Iraq,1984,Asia,22,0,46938387096,15377032.0
Iraq,1988,Asia,27,0,62684516129,16987346.0
Iraq,1992,Asia,8,0,553671957,18385673.0
Iraq,1996,Asia,3,0,10433698621,21639332.0
Iraq,2000,Asia,4,0,48364250943,24628858.0
Iraq,2004,Asia,23,0,36627901762,27858948.0
Iraq,2008,Asia,4,0,131614433712,29218381.0
Iraq,2012,Asia,8,0,218002481737,33864447.0
Iraq,2016,Asia,20,0,166602488747,38697943.0
Iraq,2020,Asia,3,0,167224432560,42556984.0
Ireland,1960,Europe,44,0,1939329775,2828600.0
Ireland,1964,Europe,22,1,2766608945,2866550.0
Ireland,1968,Europe,31,0,3278584478,2915550.0
Ireland,1972,Europe,59,0,6319051927,3036850.0
Ireland,1976,Europe,44,0,9455237758,3238050.0
Ireland,1980,Europe,47,2,21751265576,3412800.0
Ireland,1984,Europe,42,1,20109800239,3532423.0
Ireland,1988,Europe,61,0,37778818236,3524949.0
Ireland,1992,Europe,58,2,55927302693,3558430.0
Ireland,1996,Europe,78,4,75786499495,3637510.0
Ireland,2000,Europe,64,1,99871239174,3805174.0
Ireland,2004,Europe,46,0,193927356592,4070262.0
Ireland,2008,Europe,55,3,274819833015,4489544.0
Ireland,2012,Europe,64,5,224984397510,4599533.0
Ireland,2016,Europe,76,2,299556360839,4755335.0
Ireland,2020,Europe,125,4,418621818482,4985382.0
Israel,1960,Asia,23,0,2598500000,2114020.0
Israel,1964,Asia,10,0,3405333333,2475000.0
Israel,1968,Asia,29,0,4619000000,2803000.0
Israel,1972,Asia,14,0,8805000000,3148000.0
Israel,1976,Asia,26,0,15236250000,3533000.0
Israel,1984,Asia,32,0,29262189631,4159000.0
Israel,1988,Asia,18,0,50274157858,4442000.0
Israel,1992,Asia,30,2,75870773860,5123000.0
Israel,1996,Asia,25,1,110428661215,5692000.0
Israel,2000,Asia,39,1,132705321658,6289000.0
Israel,2004,Asia,36,2,135728171575,6809000.0
Israel,2008,Asia,43,1,216338894091,7308800.0
Israel,2012,Asia,37,0,257173086463,7910500.0
Israel,2016,Asia,47,2,318616506157,8546000.0
Israel,2020,Asia,90,4,401953804837,9215100.0
Italy,1960,Europe,270,35,40385288344,50199700.0
Italy,1964,Europe,157,27,63175417019,51675350.0
Italy,1968,Europe,167,16,87942231678,53235750.0
Italy,1972,Europe,223,18,145260039840,54381345.0
Italy,1976,Europe,209,13,224717278436,55718260.0
Italy,1980,Europe,159,15,477256775943,56433883.0
Italy,1984,Europe,268,32,437887689001,56576718.0
Italy,1988,Europe,253,14,891608957155,56629288.0
Italy,1992,Europe,304,19,1320161644933,56797087.0
Italy,1996,Europe,340,35,1312426527795,56860281.0
Italy,2000,Europe,357,34,1143829832319,56942108.0
Italy,2004,Europe,363,32,1803226967966,57685327.0
Italy,2008,Europe,332,27,2398856598798,58826731.0
Italy,2012,Europe,281,28,2087077032435,59539717.0
Italy,2016,Europe,305,27,1875797463583,60627498.0
Italy,2020,Europe,377,40,1886445268340,59438851.0
Jamaica,1964,America,18,0,897931401,1725181.0
Jamaica,1968,America,25,1,1083883355,1812209.0
Jamaica,1972,America,32,1,1875048859,1915299.0
Jamaica,1976,America,20,2,2966010229,2029486.0
Jamaica,1980,America,18,3,2679409453,2135546.0
Jamaica,1984,America,45,3,2373566957,2264095.0
Jamaica,1988,America,35,2,3828310734,2354805.0
Jamaica,1992,America,36,4,3535460089,2434574.0
Jamaica,1996,America,46,6,7393883554,2532894.0
Jamaica,2000,America,48,9,9005064474,2612205.0
Jamaica,2004,America,47,5,10174664853,2664024.0
Jamaica,2008,America,50,9,13709402085,2711373.0
Jamaica,2012,America,45,12,14807086889,2759817.0
Jamaica,2016,America,56,11,14077109396,2802695.0
Jamaica,2020,America,61,9,13812421803,2820436.0
Japan,1960,Asia,156,18,44307342950,93216000.0
Japan,1964,Asia,318,29,81749006381,96903000.0
Japan,1968,Asia,171,25,146601072685,101011000.0
Japan,1972,Asia,184,29,318031297492,107188000.0
Japan,1976,Asia,213,25,586161858999,112775000.0
Japan,1984,Asia,226,31,1318381627003,120083000.0
Japan,1988,Asia,254,14,3071683013178,122578000.0
Japan,1992,Asia,247,22,3908809463463,124425000.0
Japan,1996,Asia,296,14,4833712542207,125757000.0
Japan,2000,Asia,255,18,4887519660744,126843000.0
Japan,2004,Asia,300,37,4815148854362,127761000.0
Japan,2008,Asia,324,25,5037908465114,128063000.0
Japan,2012,Asia,287,37,6203213121334,127629000.0
Japan,2016,Asia,335,41,4922538141454,127076000.0
Jordan,1980,Asia,4,0,3910036925,2216903.0
Jordan,1984,Asia,13,0,4966710013,2629939.0
Jordan,1988,Asia,7,0,6277197435,3157177.0
Jordan,1992,Asia,4,0,5311329067,3866887.0
Jordan,1996,Asia,5,0,6928359238,4608676.0
Jordan,2000,Asia,8,0,8460424400,5056174.0
Jordan,2004,Asia,8,0,11411390409,5532423.0
Jordan,2008,Asia,7,0,22657662392,6632873.0
Jordan,2012,Asia,9,0,31634561690,7211863.0
Jordan,2016,Asia,8,1,39892551126,9964656.0
Jordan,2020,Asia,14,2,43697659275,10928721.0
Kazakhstan,1996,Asia,96,11,21035368250,15578227.0
Kazakhstan,2000,Asia,130,7,18291994909,14883626.0
Kazakhstan,2004,Asia,114,8,43151647002,15012984.0
Kazakhstan,2008,Asia,130,13,133441612246,15776938.0
Kazakhstan,2012,Asia,113,13,207998568865,16792090.0
Kazakhstan,2016,Asia,101,18,137278320084,17794055.0
Kazakhstan,2020,Asia,97,8,169835426427,18755666.0
Kenya,1960,Africa,27,0,791265458,7751435.0
Kenya,1964,Africa,37,1,998759333,9047387.0
Kenya,1968,Africa,39,9,1353295457,10613877.0
Kenya,1972,Africa,57,9,2107279157,12322903.0
Kenya,1984,Africa,61,3,6191437070,18753176.0
Kenya,1988,Africa,74,9,8355380879,21626122.0
Kenya,1992,Africa,49,8,8209129171,24655723.0
Kenya,1996,Africa,52,8,12045858436,27615736.0
Kenya,2000,Africa,56,7,12705357103,30851606.0
Kenya,2004,Africa,46,7,16095337093,34791836.0
Kenya,2008,Africa,46,15,35895153327,39186895.0
Kenya,2012,Africa,47,11,50412754861,43725806.0
Kenya,2016,Africa,79,13,69188755364,47894670.0
Kenya,2020,Africa,87,10,98842939649,51985780.0
Kiribati,2004,Oceania,3,0,102367039,96224.0
Kiribati,2008,Oceania,2,0,141042610,103966.0
Kiribati,2012,Oceania,3,0,190243321,111618.0
Kiribati,2016,Oceania,3,0,178328873,118513.0
Kiribati,2020,Oceania,3,0,199573325,126463.0
Kuwait,1968,Asia,2,0,2663119574,681117.0
Kuwait,1972,Asia,4,0,4451200972,913785.0
Kuwait,1976,Asia,15,0,13131668946,1168791.0
Kuwait,1980,Asia,56,0,28638550499,1493870.0
Kuwait,1984,Asia,23,0,21697297872,1813986.0
Kuwait,1988,Asia,25,0,20692472759,2129153.0
Kuwait,1992,Asia,32,0,19858555214,1620633.0
Kuwait,1996,Asia,25,0,31493319973,1703318.0
Kuwait,2000,Asia,29,1,37712842242,1934901.0
Kuwait,2004,Asia,11,0,59439090600,2153481.0
Kuwait,2008,Asia,8,0,147395089285,2650930.0
Kuwait,2012,Asia,10,1,174070382279,3394663.0
Latvia,1996,Europe,47,1,5969114344,2457222.0
Latvia,2000,Europe,45,3,7949253765,2367550.0
Latvia,2004,Europe,32,4,14401882398,2263122.0
Latvia,2008,Europe,47,3,35756225697,2177322.0
Latvia,2012,Europe,41,1,28324787663,2034319.0
Latvia,2016,Europe,32,0,28052325862,1959537.0
Latvia,2020,Europe,33,2,33505185228,1900449.0
Lebanon,1988,Asia,21,0,3313540067,3457148.0
Lebanon,1992,Asia,12,0,5843579160,3745407.0
Lebanon,1996,Asia,1,0,13690217333,4034243.0
Lebanon,2000,Asia,6,0,17260364842,4320642.0
Lebanon,2004,Asia,5,0,21159827992,4574797.0
Lebanon,2008,Asia,6,0,29118916105,4887613.0
Lebanon,2012,Asia,10,0,44035991745,5178337.0
Lebanon,2016,Asia,9,0,51205122503,6258619.0
Lebanon,2020,Asia,6,0,33383246857,5662923.0
Lesotho,1972,Africa,1,0,80915831,1097242.0
Lesotho,1980,Africa,5,0,431561376,1407672.0
Lesotho,1984,Africa,4,0,333158476,1573267.0
Lesotho,1988,Africa,6,0,470389179,1733733.0
Lesotho,1992,Africa,6,0,831033941,1858507.0
Lesotho,1996,Africa,9,0,946123275,1955098.0
Lesotho,2000,Africa,6,0,887295267,1998630.0
Lesotho,2004,Africa,3,0,1511236655,1985384.0
Lesotho,2008,Africa,5,0,1766825412,1995014.0
Lesotho,2012,Africa,4,0,2477702252,2054718.0
Lesotho,2016,Africa,8,0,2114323793,2143872.0
Lesotho,2020,Africa,2,0,1844510137,2254100.0
Liberia,1960,Africa,4,0,190495600,1137026.0
Liberia,1964,Africa,1,0,218929100,1255197.0
Liberia,1972,Africa,5,0,368098000,1540995.0
Liberia,1984,Africa,7,0,848478300,2174194.0
Liberia,1988,Africa,8,0,1038300000,2439639.0
Liberia,1996,Africa,5,0,159400000,2203966.0
Liberia,2000,Africa,8,0,874000000,2895224.0
Liberia,2004,Africa,2,0,897000000,3122447.0
Liberia,2008,Africa,3,0,1726000000,3783887.0
Liberia,2012,Africa,3,0,2721000000,4331740.0
Liberia,2016,Africa,2,0,3277826000,4706097.0
Liberia,2020,Africa,3,0,2950000000,5087584.0
Libya,1992,Africa,5,0,33881392045,4444820.0
Libya,1996,Africa,5,0,27884615384,4820066.0
Libya,2000,Africa,3,0,38270206950,5154790.0
Libya,2004,Africa,8,0,33122307692,5687563.0
Libya,2008,Africa,6,0,87140405361,6228370.0
Libya,2012,Africa,4,0,81873662518,5869870.0
Libya,2016,Africa,7,0,26197143268,6282196.0
Libya,2020,Africa,4,0,25418461532,6653942.0
Liechtenstein,1972,Europe,6,0,124941925,21873.0
Liechtenstein,1976,Europe,6,0,272493879,23416.0
Liechtenstein,1984,Europe,7,0,502617355,26420.0
Liechtenstein,1988,Europe,12,0,1161757671,27944.0
Liechtenstein,1992,Europe,7,0,1631197909,29581.0
Liechtenstein,1996,Europe,2,0,2504033252,31337.0
Liechtenstein,2000,Europe,2,0,2483953102,33026.0
Liechtenstein,2004,Europe,1,0,3454362685,34300.0
Liechtenstein,2008,Europe,2,0,5081432924,35401.0
Liechtenstein,2012,Europe,3,0,5456009384,36505.0
Liechtenstein,2016,Europe,3,0,6237264055,37609.0
Lithuania,1996,Europe,61,1,8382519637,3601613.0
Lithuania,2000,Europe,61,5,11524776866,3499536.0
Lithuania,2004,Europe,59,3,22627507451,3377075.0
Lithuania,2008,Europe,71,5,47797551587,3198231.0
Lithuania,2012,Europe,62,5,42927454291,2987773.0
Lithuania,2016,Europe,67,4,43018087237,2868231.0
Lithuania,2020,Europe,42,1,55887271833,2794885.0
Luxembourg,1960,Europe,52,0,703925705,313970.0
Luxembourg,1964,Europe,12,0,903158753,327750.0
Luxembourg,1968,Europe,5,0,1066447130,335850.0
Luxembourg,1972,Europe,11,0,1968733388,346600.0
Luxembourg,1976,Europe,8,0,3544268547,360731.0
Luxembourg,1980,Europe,3,0,6232005793,364150.0
Luxembourg,1984,Europe,5,0,4594891790,365998.0
Luxembourg,1988,Europe,8,0,9750161272,373450.0
Luxembourg,1992,Europe,6,0,16065740276,392175.0
Luxembourg,1996,Europe,6,0,21776609771,414225.0
Luxembourg,2000,Europe,7,0,21263514833,436300.0
Luxembourg,2004,Europe,10,0,34685281847,458095.0
Luxembourg,2008,Europe,13,0,55849686538,488650.0
Luxembourg,2012,Europe,9,0,56677961787,530946.0
Luxembourg,2016,Europe,10,0,60691483443,582014.0
Luxembourg,2020,Europe,12,0,73263982103,630419.0
Madagascar,1964,Africa,3,0,802482182,5630024.0
Madagascar,1968,Africa,4,0,1031669636,6270528.0
Madagascar,1972,Africa,11,0,1341590681,7051090.0
Madagascar,1980,Africa,11,0,4042139901,8948162.0
Madagascar,1984,Africa,5,0,2939485471,10015017.0
Madagascar,1992,Africa,13,0,3714967007,12623342.0
Madagascar,1996,Africa,11,0,4931861239,14317454.0
Madagascar,2000,Africa,11,0,4629247090,16216431.0
Madagascar,2004,Africa,8,0,5064732715,18250774.0
Madagascar,2008,Africa,6,0,10725137477,20513599.0
Madagascar,2012,Africa,7,0,11578978052,22966240.0
Madagascar,2016,Africa,6,0,11848615018,25501941.0
Madagascar,2020,Africa,6,0,13720634105,28225177.0
Malawi,1972,Africa,16,0,406062874,4865978.0
Malawi,1984,Africa,15,0,1208008985,7339002.0
Malawi,1988,Africa,16,0,1379924257,8754781.0
Malawi,1992,Africa,4,0,1799517081,10115420.0
Malawi,1996,Africa,2,0,2281034131,10310528.0
Malawi,2000,Africa,2,0,1743506531,11229387.0
Malawi,2004,Africa,4,0,3476094498,12411342.0
Malawi,2008,Africa,4,0,5321012192,13889423.0
Malawi,2012,Africa,3,0,6028487928,15581251.0
Malawi,2016,Africa,5,0,5433040159,17405624.0
Malawi,2020,Africa,5,0,11961848552,19377061.0
Malaysia,1964,Asia,61,0,2674441395,8835925.0
Malaysia,1968,Asia,31,0,3330393309,9821308.0
Malaysia,1972,Asia,44,0,5043268548,10801619.0
Malaysia,1976,Asia,23,0,11050125904,11910081.0
Malaysia,1984,Asia,21,0,33943505717,14686454.0
Malaysia,1988,Asia,9,0,35271880250,16524616.0
Malaysia,1992,Asia,22,0,59167550162,18526708.0
Malaysia,1996,Asia,31,1,100855393910,20689051.0
Malaysia,2000,Asia,36,0,93789736842,22945150.0
Malaysia,2004,Asia,22,0,124749473684,25333247.0
Malaysia,2008,Asia,27,1,230813897715,27664296.0
Malaysia,2012,Asia,28,2,314443149443,29660212.0
Malaysia,2016,Asia,32,5,301255380276,31526418.0
Malaysia,2020,Asia,30,2,336664444247,33199993.0
Maldives,1988,Asia,7,0,168610478,211160.0
Maldives,1992,Asia,7,0,284853358,239136.0
Maldives,1996,Asia,6,0,450382327,263841.0
Maldives,2000,Asia,4,0,624337145,282507.0
Maldives,2004,Asia,4,0,1226829562,302135.0
Maldives,2008,Asia,4,0,2271646187,336883.0
Maldives,2012,Asia,5,0,2886170571,387539.0
Maldives,2016,Asia,4,0,4379115587,454252.0
Maldives,2020,Asia,4,0,4030203166,514438.0
Mali,1968,Africa,2,0,343771964,5973762.0
Mali,1972,Africa,3,0,486617332,6347158.0
Mali,1980,Africa,7,0,1759690811,7372581.0
Mali,1984,Africa,4,0,1232932008,8030099.0
Mali,1988,Africa,6,0,2169040741,8617474.0
Mali,1992,Africa,5,0,2830673388,9310572.0
Mali,1996,Africa,3,0,2780422212,10131906.0
Mali,2000,Africa,5,0,2961484857,11239101.0
Mali,2004,Africa,21,0,5454249456,12751995.0
Mali,2008,Africa,17,0,9838404004,14551117.0
Mali,2012,Africa,6,0,12442036265,16514687.0
Mali,2016,Africa,6,0,14026048690,18700106.0
Mali,2020,Africa,4,0,17393761397,21224040.0
Malta,1972,Europe,5,0,295118249,302450.0
Malta,1980,Europe,8,0,1250242107,316645.0
Malta,1984,Europe,7,0,1101828568,330593.0
Malta,1988,Europe,6,0,2019474244,347325.0
Malta,1992,Europe,6,0,3021910216,367618.0
Malta,1996,Europe,7,0,3822882801,379905.0
Malta,2000,Europe,7,0,4069515579,390087.0
Malta,2004,Europe,7,0,6098092551,401268.0
Malta,2008,Europe,6,0,9090406767,409379.0
Malta,2012,Europe,5,0,9462238211,420028.0
Malta,2016,Europe,7,0,11721521912,455356.0
Malta,2020,Europe,6,0,14647384607,515332.0
Marshall Islands,2008,Oceania,5,0,151898900,53816.0
Marshall Islands,2012,Oceania,4,0,180436300,52203.0
Marshall Islands,2016,Oceania,5,0,201510900,48329.0
Mauritania,1984,Africa,2,0,726937308,1695675.0
Mauritania,1988,Africa,6,0,957377548,1905847.0
Mauritania,1992,Africa,6,0,1464392418,2147527.0
Mauritania,1996,Africa,4,0,1442598431,2428816.0
Mauritania,2000,Africa,2,0,1293654176,2695003.0
Mauritania,2004,Africa,2,0,1833444739,2946575.0
Mauritania,2008,Africa,2,0,4031053345,3233336.0
Mauritania,2012,Africa,2,0,5231255478,3636113.0
Mauritania,2016,Africa,2,0,4679346590,4051890.0
Mauritania,2020,Africa,2,0,7778525642,4498604.0
Mauritius,1984,Africa,4,0,1040557089,1012221.0
Mauritius,1988,Africa,8,0,2134517067,1043239.0
Mauritius,1992,Africa,13,0,3224267547,1084441.0
Mauritius,1996,Africa,26,0,4421943910,1133996.0
Mauritius,2000,Africa,20,0,4663313620,1186873.0
Mauritius,2004,Africa,9,0,6578844486,1221003.0
Mauritius,2008,Africa,11,1,9990370016,1244121.0
Mauritius,2012,Africa,11,0,11668696526,1255882.0
Mauritius,2016,Africa,11,0,12232469391,1263747.0
Mauritius,2020,Africa,8,0,10914065306,1266014.0
Mexico,1960,America,67,1,13040000000,36268055.0
Mexico,1964,America,83,1,20080000000,41333878.0
Mexico,1968,America,272,9,29360000000,47170337.0
Mexico,1972,America,171,1,45200000000,53543436.0
Mexico,1976,America,96,2,89025974025,60452543.0
Mexico,1980,America,45,4,205139086956,67705186.0
Mexico,1984,America,98,6,184261495828,73489654.0
Mexico,1988,America,81,2,181611549975,78892015.0
Mexico,1992,America,102,1,363157598242,84993164.0
Mexico,1996,America,97,1,410975595310,91586555.0
Mexico,2000,America,78,6,707906744574,97873442.0
Mexico,2004,America,109,4,782240601984,103945813.0
Mexico,2008,America,83,3,1109989063586,109684489.0
Mexico,2012,America,99,7,1201089987015,115755909.0
Mexico,2016,America,122,5,1078490651625,121519221.0
Mexico,2020,America,162,4,1076163316174,125998302.0
Moldova,1996,Europe,40,2,1695122173,2947293.0
Moldova,2000,Europe,34,2,1288429391,2924668.0
Moldova,2004,Europe,33,0,2598249555,2896023.0
Moldova,2008,Europe,29,1,6054849884,2868833.0
Moldova,2012,Europe,20,2,8709165249,2860324.0
Moldova,2016,Europe,23,0,8071480540,2803186.0
Moldova,2020,Europe,20,1,11914040905,2635130.0
Monaco,1972,Europe,5,0,402460333,24889.0
Monaco,1976,Europe,8,0,735339911,25898.0
Monaco,1984,Europe,8,0,1037314956,28407.0
Monaco,1988,Europe,9,0,2000674667,29802.0
Monaco,1992,Europe,2,0,2737192565,30794.0
Monaco,1996,Europe,3,0,3137673291,31719.0
Monaco,2000,Europe,4,0,2647885848,32465.0
Monaco,2004,Europe,3,0,4137913500,32236.0
Monaco,2008,Europe,5,0,6476490405,31862.0
Monaco,2012,Europe,6,0,5743029680,34700.0
Monaco,2016,Europe,3,0,6472990923,37071.0
Mongolia,1988,Asia,28,1,3204461566,2073771.0
Mongolia,1992,Asia,33,2,1317611863,2236494.0
Mongolia,1996,Asia,16,1,1345719472,2357033.0
Mongolia,2000,Asia,20,0,1136896123,2450979.0
Mongolia,2004,Asia,20,1,1992066808,2537949.0
Mongolia,2008,Asia,28,4,5623216448,2633887.0
Mongolia,2012,Asia,29,5,12292770631,2792349.0
Mongolia,2016,Asia,43,2,11186734674,3029555.0
Mongolia,2020,Asia,43,4,13137128659,3294335.0
Montenegro,2008,Europe,19,0,4545674527,616969.0
Montenegro,2012,Europe,33,1,4087725812,620601.0
Montenegro,2016,Europe,35,0,4377033429,622303.0
Montenegro,2020,Europe,35,0,4778582336,621306.0
Morocco,1960,Africa,47,1,2037150716,11769774.0
Morocco,1964,Africa,20,0,2798339768,13044254.0
Morocco,1968,Africa,25,0,3271415867,14490077.0
Morocco,1972,Africa,35,0,5074117544,16081438.0
Morocco,1976,Africa,9,0,9584323309,17756516.0
Morocco,1984,Africa,34,2,14824728528,21817271.0
Morocco,1988,Africa,27,3,25705296183,23720590.0
Morocco,1992,Africa,44,3,33711069430,25400676.0
Morocco,1996,Africa,34,2,43161452678,26999093.0
Morocco,2000,Africa,55,5,38857251336,28554415.0
Morocco,2004,Africa,55,3,59626020162,30033125.0
Morocco,2008,Africa,47,2,92507257783,31634992.0
Morocco,2012,Africa,63,1,98266306615,33352169.0
Morocco,2016,Africa,48,1,103311649248,35107264.0
Morocco,2020,Africa,46,1,112870591694,36688772.0
Mozambique,1980,Africa,14,0,3526287037,11413587.0
Mozambique,1984,Africa,9,0,3376172169,12426223.0
Mozambique,1988,Africa,8,0,2093571673,12956772.0
Mozambique,1992,Africa,6,0,2639953230,13816881.0
Mozambique,1996,Africa,3,1,3856799844,16079553.0
Mozambique,2000,Africa,4,1,5656473652,17768505.0
Mozambique,2004,Africa,4,0,7631120533,19694411.0
Mozambique,2008,Africa,4,0,12556195188,21845571.0
Mozambique,2012,Africa,6,0,16350804543,24487611.0
Mozambique,2016,Africa,6,0,11936999283,27696493.0
Mozambique,2020,Africa,10,0,14021421105,31178239.0
Myanmar,2000,Asia,6,0,8905066163,45538332.0
Myanmar,2004,Asia,2,0,8857405669,47338446.0
Myanmar,2008,Asia,6,0,31831232214,48729486.0
Myanmar,2012,Asia,6,0,53254531557,50218185.0
Myanmar,2016,Asia,7,0,61449392056,51892349.0
Myanmar,2020,Asia,2,0,76185586096,53423198.0
Namibia,1992,Africa,6,2,3429538518,1461687.0
Namibia,1996,Africa,8,2,3989208670,1650066.0
Namibia,2000,Africa,11,0,3922247984,1819141.0
Namibia,2004,Africa,8,0,6609198826,1939406.0
Namibia,2008,Africa,10,0,8607475302,2038552.0
Namibia,2012,Africa,9,0,13042007432,2167470.0
Namibia,2016,Africa,10,0,10721994676,2323352.0
Namibia,2020,Africa,11,1,10699926682,2489098.0
Nauru,2008,Oceania,1,0,39291316,10243.0
Nauru,2012,Oceania,2,0,96927201,10444.0
Nauru,2016,Oceania,2,0,100087348,11437.0
Nepal,1964,Asia,6,0,496098775,11002819.0
Nepal,1972,Asia,2,0,1024098804,13052220.0
Nepal,1976,Asia,1,0,1452792989,14230738.0
Nepal,1980,Asia,10,0,1945916583,15600442.0
Nepal,1984,Asia,10,0,2581207387,17141610.0
Nepal,1988,Asia,16,0,3487009748,18720745.0
Nepal,1992,Asia,2,0,3401211581,20702133.0
Nepal,1996,Asia,6,0,4521580381,22783969.0
Nepal,2000,Asia,5,0,5494252207,24559500.0
Nepal,2004,Asia,6,0,7273938314,26003965.0
Nepal,2008,Asia,8,0,12545438605,26881544.0
Nepal,2012,Asia,5,0,21703106502,27330694.0
Nepal,2016,Asia,7,0,24524098184,27861186.0
Nepal,2020,Asia,5,0,33657175561,29348627.0
Netherlands,1960,Europe,104,3,12276734172,11486631.0
Netherlands,1964,Europe,119,10,18699380731,12127120.0
Netherlands,1968,Europe,107,7,27817605743,12729721.0
Netherlands,1972,Europe,119,5,54706557264,13328593.0
Netherlands,1976,Europe,108,5,109168720620,13774037.0
Netherlands,1980,Europe,75,3,195152092662,14149800.0
Netherlands,1984,Europe,135,13,143912664148,14424211.0
Netherlands,1988,Europe,147,9,261910508417,14760094.0
Netherlands,1992,Europe,201,15,362962872180,15184166.0
Netherlands,1996,Europe,237,19,450490196078,15530498.0
Netherlands,2000,Europe,231,25,416442786069,15925513.0
Netherlands,2004,Europe,210,22,657171591755,16281779.0
Netherlands,2008,Europe,233,15,947997656364,16445593.0
Netherlands,2012,Europe,169,20,838971306990,16754962.0
Netherlands,2016,Europe,229,18,783528181704,17030314.0
Netherlands,2020,Europe,282,36,912242335119,17441500.0
New Zealand,1960,Oceania,35,3,5485854791,2371800.0
New Zealand,1964,Oceania,61,4,7274144350,2585400.0
New Zealand,1968,Oceania,52,3,5180597620,2748100.0
New Zealand,1972,Oceania,89,3,9567331064,2903900.0
New Zealand,1976,Oceania,80,4,13604832424,3110500.0
New Zealand,1980,Oceania,4,0,23244547384,3112900.0
New Zealand,1984,Oceania,130,11,21665975318,3227100.0
New Zealand,1988,Oceania,83,13,45176811594,3283400.0
New Zealand,1992,Oceania,134,10,41649829859,3531700.0
New Zealand,1996,Oceania,95,6,70140835299,3732000.0
New Zealand,2000,Oceania,147,4,52623281956,3857700.0
New Zealand,2004,Oceania,148,5,103905210084,4087500.0
New Zealand,2008,Oceania,178,9,133131369930,4259800.0
New Zealand,2012,Oceania,178,13,176206659722,4408100.0
New Zealand,2016,Oceania,195,18,188943457301,4714100.0
New Zealand,2020,Oceania,228,20,212482013605,5090200.0
Nicaragua,1968,America,11,0,695899980,2291300.0
Nicaragua,1972,America,8,0,880842890,2603182.0
Nicaragua,1976,America,15,0,1847871371,2947454.0
Nicaragua,1980,America,5,0,2189347367,3303309.0
Nicaragua,1984,America,5,0,3105517091,3674501.0
Nicaragua,1992,America,8,0,1792800000,4427172.0
Nicaragua,1996,America,25,0,4308351902,4812391.0
Nicaragua,2000,America,6,0,5107329007,5123222.0
Nicaragua,2004,America,5,0,5795568204,5386223.0
Nicaragua,2008,America,6,0,8496998229,5687744.0
Nicaragua,2012,America,6,0,10532049076,6030607.0
Nicaragua,2016,America,5,0,13286083644,6389235.0
Nicaragua,2020,America,8,0,12621476263,6755895.0
Niger,1964,Africa,1,0,582816358,3937008.0
Niger,1968,Africa,2,0,641214210,4417954.0
Niger,1972,Africa,4,1,742779740,4926318.0
Niger,1984,Africa,4,0,1461243212,6973849.0
Niger,1988,Africa,6,0,2280356338,7872252.0
Niger,1992,Africa,3,0,2344987614,8907644.0
Niger,1996,Africa,3,0,2405687081,10149937.0
Niger,2000,Africa,4,0,2241753120,11622665.0
Niger,2004,Africa,4,0,3760443965,13366885.0
Niger,2008,Africa,4,0,5379299887,15455175.0
Niger,2012,Africa,6,0,6942258305,17954407.0
Niger,2016,Africa,6,1,7528285443,20921743.0
Niger,2020,Africa,7,0,13678234008,24333639.0
Nigeria,1960,Africa,12,0,4196092258,44928342.0
Nigeria,1964,Africa,18,1,5552822483,48856332.0
Nigeria,1968,Africa,36,0,5200895982,53210119.0
Nigeria,1972,Africa,25,1,12274416017,58173834.0
Nigeria,1980,Africa,44,0,64201788122,72951439.0
Nigeria,1984,Africa,32,2,28500815241,81337553.0
Nigeria,1988,Africa,67,0,23272161396,90351467.0
Nigeria,1992,Africa,54,4,29300903643,100182045.0
Nigeria,1996,Africa,65,6,34987951375,110956183.0
Nigeria,2000,Africa,81,3,69448756932,122851984.0
Nigeria,2004,Africa,66,2,136385979322,136756848.0
Nigeria,2008,Africa,74,4,337035512676,152382506.0
Nigeria,2012,Africa,49,0,455501524575,170075932.0
Nigeria,2016,Africa,71,1,404650006428,188666931.0
Nigeria,2020,Africa,53,2,432293776262,208327405.0
Norway,1960,Europe,32,0,5163271598,3581239.0
Norway,1964,Europe,18,0,7159202706,3694339.0
Norway,1968,Europe,46,2,10159934136,3816486.0
Norway,1972,Europe,112,4,17358610849,3933004.0
Norway,1976,Europe,66,2,35942270686,4026152.0
Norway,1984,Europe,103,3,62057955032,4140099.0
Norway,1988,Europe,69,5,101900260856,4209488.0
Norway,1992,Europe,83,7,130838040067,4286401.0
Norway,1996,Europe,97,7,163520109150,4381336.0
Norway,2000,Europe,89,10,171247131268,4490967.0
Norway,2004,Europe,44,6,264511630666,4591910.0
Norway,2008,Europe,80,9,462250000000,4768212.0
Norway,2012,Europe,61,4,509506317146,5018573.0
Norway,2016,Europe,62,4,368827142857,5234519.0
Norway,2020,Europe,93,8,362008956544,5379475.0
Oman,1984,Asia,15,0,8821366531,1273306.0
Oman,1988,Asia,8,0,8386215864,1623433.0
Oman,1992,Asia,5,0,12452275682,1985227.0
Oman,1996,Asia,4,0,15277763328,2209958.0
Oman,2000,Asia,6,0,19507452508,2344253.0
Oman,2004,Asia,2,0,24763713000,2468855.0
Oman,2008,Asia,4,0,60905452457,2651028.0
Oman,2012,Asia,3,0,76511069704,3535579.0
Oman,2016,Asia,4,0,65441278668,4398070.0
Pakistan,1960,Asia,43,2,3749265014,45954226.0
Pakistan,1964,Asia,41,1,5204955900,50552592.0
Pakistan,1968,Asia,15,1,8041999160,56124743.0
Pakistan,1972,Asia,24,1,9415016359,62509565.0
Pakistan,1976,Asia,24,1,13168080808,70230923.0
Pakistan,1984,Asia,31,1,31151825467,94003867.0
Pakistan,1988,Asia,30,1,38472742808,107967838.0
Pakistan,1992,Asia,27,1,48884606848,122375179.0
Pakistan,1996,Asia,24,0,63320122807,137234810.0
Pakistan,2000,Asia,26,0,82017743416,154369924.0
Pakistan,2004,Asia,26,0,107759683863,170648620.0
Pakistan,2008,Asia,21,0,170077814106,185931955.0
Pakistan,2012,Asia,20,0,224383620829,202205861.0
Pakistan,2016,Asia,7,0,278654637737,213524840.0
Pakistan,2020,Asia,10,0,263686552686,227196741.0
Palau,2000,Oceania,5,0,146297500,19726.0
Palau,2004,Oceania,4,0,165186200,19907.0
Palau,2008,Oceania,5,0,198283900,19102.0
Palau,2012,Oceania,5,0,212397800,17946.0
Palau,2016,Oceania,5,0,295065400,17816.0
Panama,1960,America,6,0,537147100,1126989.0
Panama,1964,America,10,0,776137500,1271461.0
Panama,1968,America,16,0,1112791100,1432255.0
Panama,1972,America,7,0,1673411700,1602646.0
Panama,1976,America,8,0,2588106000,1779037.0
Panama,1984,America,8,0,6183387100,2147577.0
Panama,1988,America,6,0,5902783400,2347821.0
Panama,1992,America,5,0,8042337700,2554382.0
Panama,1996,America,7,0,9870494000,2771606.0
Panama,2000,America,6,0,12304115000,3001731.0
Panama,2004,America,4,0,15013381700,3243311.0
Panama,2008,America,5,1,25155888600,3495276.0
Panama,2012,America,8,0,40429700000,3754862.0
Panama,2016,America,10,0,57907700000,4026336.0
Panama,2020,America,10,0,52938100000,4294396.0
Papua New Guinea,1976,Oceania,6,0,1511856584,2855837.0
Papua New Guinea,1984,Oceania,7,0,2552526263,3374465.0
Papua New Guinea,1988,Oceania,11,0,3655979702,3679651.0
Papua New Guinea,1992,Oceania,13,0,4377980510,4136644.0
Papua New Guinea,1996,Oceania,11,0,5155311077,4785895.0
Papua New Guinea,2000,Oceania,5,0,3521339699,5508297.0
Papua New Guinea,2004,Oceania,4,0,3927157866,6293166.0
Papua New Guinea,2008,Oceania,7,0,11670840931,7137988.0
Papua New Guinea,2012,Oceania,8,0,21295659243,8026545.0
Papua New Guinea,2016,Oceania,8,0,20759069103,8899169.0
Papua New Guinea,2020,Oceania,8,0,23591523025,9749640.0
Paraguay,1968,America,1,0,517650793,2301887.0
Paraguay,1972,America,3,0,769039682,2521508.0
Paraguay,1976,America,4,0,1698960317,2782624.0
Paraguay,1984,America,14,0,4502462807,3437892.0
Paraguay,1988,America,10,0,4255683528,3844437.0
Paraguay,1992,America,27,0,7157424031,4277051.0
Paraguay,1996,America,7,0,9788391780,4711655.0
Paraguay,2000,America,5,0,8855705139,5123819.0
Paraguay,2004,America,21,1,9624440836,5416324.0
Paraguay,2008,America,7,0,24616537618,5645148.0
Paraguay,2012,America,8,0,33296438306,5923322.0
Paraguay,2016,America,11,0,36089550659,6266615.0
Paraguay,2020,America,8,0,35304238230,6618695.0
Peru,1960,America,31,0,2571908062,10172207.0
Peru,1964,America,31,0,4356913870,11442301.0
Peru,1968,America,28,0,5736083835,12843249.0
Peru,1972,America,20,0,9189413409,14292437.0
Peru,1976,America,13,0,15947709379,15826813.0
Peru,1980,America,28,0,18134029179,17492406.0
Peru,1984,America,35,1,17599660054,19285646.0
Peru,1988,America,21,1,15439408447,21143799.0
Peru,1992,America,16,1,35966302303,23047248.0
Peru,1996,America,29,0,55252414130,24907304.0
Peru,2000,America,21,0,51744749133,26654439.0
Peru,2004,America,12,0,66768703497,27893911.0
Peru,2008,America,13,0,120550599815,28806185.0
Peru,2012,America,16,0,192648999090,29749589.0
Peru,2016,America,28,0,191895943823,31132779.0
Peru,2020,America,35,0,202014363787,33304756.0
Philippines,1960,Asia,37,0,6684568805,28486871.0
Philippines,1964,Asia,44,1,5271404668,31916622.0
Philippines,1968,Asia,49,0,7591603053,35544973.0
Philippines,1972,Asia,53,0,8017468688,39412479.0
Philippines,1976,Asia,14,0,17097563270,43474370.0
Philippines,1984,Asia,19,0,31408492876,53514959.0
Philippines,1988,Asia,31,1,37885440418,58755923.0
Philippines,1992,Asia,26,1,52976344928,64543525.0
Philippines,1996,Asia,12,1,82848140618,70944969.0
Philippines,2000,Asia,20,0,83670261708,77958223.0
Philippines,2004,Asia,16,0,95002028504,84607501.0
Philippines,2008,Asia,15,0,181006700916,91252326.0
Philippines,2012,Asia,11,0,261920509950,98032317.0
Philippines,2016,Asia,13,1,318626761492,104875266.0
Philippines,2020,Asia,19,4,361489354350,112190977.0
Poland,1992,Europe,199,19,94337050693,38363667.0
Poland,1996,Europe,161,17,160193242090,38624370.0
Poland,2000,Europe,183,13,172219461126,38258629.0
Poland,2004,Europe,194,10,255110181539,38182222.0
Poland,2008,Europe,255,10,533609081852,38125759.0
Poland,2012,Europe,208,10,498523568248,38063164.0
Poland,2016,Europe,230,11,472630364208,37970087.0
Poland,2020,Europe,218,14,594164690894,37899070.0
Portugal,1960,Europe,55,0,3193200404,8857716.0
Portugal,1964,Europe,15,0,4235608177,9035365.0
Portugal,1968,Europe,20,0,6354262628,8836650.0
Portugal,1972,Europe,29,0,11239117865,8630430.0
Portugal,1976,Europe,19,2,20332831564,9355810.0
Portugal,1980,Europe,11,0,32896519823,9766312.0
Portugal,1984,Europe,38,3,25217969049,9996232.0
Portugal,1988,Europe,65,1,56347250696,10019610.0
Portugal,1992,Europe,90,0,107592098307,9952494.0
Portugal,1996,Europe,106,2,122630089680,10063945.0
Portugal,2000,Europe,61,2,118310710337,10289898.0
Portugal,2004,Europe,80,3,189034502110,10483861.0
Portugal,2008,Europe,77,2,262344779551,10558177.0
Portugal,2012,Europe,76,1,216236608773,10514844.0
Portugal,2016,Europe,90,1,206286022781,10325452.0
Portugal,2020,Europe,93,4,231255587276,10297081.0
Puerto Rico,1960,America,27,0,1691900000,2358000.0
Puerto Rico,1964,America,32,0,2570500000,2554066.0
Puerto Rico,1968,America,58,0,3941700000,2662064.0
Puerto Rico,1972,America,53,0,6328900000,2817256.0
Puerto Rico,1976,America,80,1,8968600000,3043854.0
Puerto Rico,1980,America,3,0,14436100000,3206000.0
Puerto Rico,1984,America,51,2,19162600000,3344190.0
Puerto Rico,1988,America,47,0,26385800000,3473898.0
Puerto Rico,1992,America,69,1,34630430000,3585176.0
Puerto Rico,1996,America,69,1,45340835000,3724655.0
Puerto Rico,2000,America,29,0,61701800000,3810605.0
Puerto Rico,2004,America,43,0,80322313000,3826878.0
Puerto Rico,2008,America,22,0,93639300000,3760866.0
Puerto Rico,2012,America,25,2,101564800000,3634488.0
Puerto Rico,2016,America,40,1,104336700000,3406672.0
Puerto Rico,2020,America,37,1,103138300000,3281557.0
Qatar,1984,Asia,24,0,6704395824,348241.0
Qatar,1988,Asia,10,0,6038187032,412142.0
Qatar,1992,Asia,28,1,7646153983,471293.0
Qatar,1996,Asia,12,0,9059340384,529265.0
Qatar,2000,Asia,17,1,17759890109,645937.0
Qatar,2004,Asia,15,0,31734065934,777943.0
Qatar,2008,Asia,20,0,115270054945,1444277.0
Qatar,2012,Asia,12,2,186833502362,1905660.0
Qatar,2016,Asia,37,1,151732181857,2595166.0
Qatar,2020,Asia,16,3,146373588866,2760385.0
Romania,1988,Europe,68,24,40809523809,23057662.0
Romania,1992,Europe,171,18,25121666666,22794284.0
Romania,1996,Europe,165,19,36937074278,22619004.0
Romania,2000,Europe,145,26,37253259016,22442971.0
Romania,2004,Europe,108,19,74972669056,21451748.0
Romania,2008,Europe,101,8,214313628965,20537875.0
Romania,2012,Europe,105,9,170635805316,20058035.0
Romania,2016,Europe,94,4,188128818486,19702267.0
Romania,2020,Europe,104,4,248715551366,19265250.0
Rwanda,1984,Africa,3,0,1587412957,6056729.0
Rwanda,1988,Africa,6,0,2395493877,6953975.0
Rwanda,1992,Africa,10,0,2029026704,7657208.0
Rwanda,1996,Africa,4,0,1382334879,6715510.0
Rwanda,2000,Africa,5,0,2067528500,8109989.0
Rwanda,2004,Africa,5,0,2375281626,8791853.0
Rwanda,2008,Africa,4,0,5177015141,9781996.0
Rwanda,2012,Africa,7,0,7650300319,10840334.0
Rwanda,2016,Africa,7,0,8690485823,11930899.0
Rwanda,2020,Africa,5,0,10333991891,13146362.0
Samoa,1984,Oceania,8,0,109200934,166779.0
Samoa,1988,Oceania,11,0,133016065,167452.0
Samoa,1992,Oceania,5,0,132303041,169799.0
Samoa,1996,Oceania,5,0,249908970,176713.0
Samoa,2000,Oceania,5,0,269019710,184008.0
Samoa,2004,Oceania,3,0,420320176,188073.0
Samoa,2008,Oceania,6,0,619260721,191787.0
Samoa,2012,Oceania,8,0,760549587,198124.0
Samoa,2016,Oceania,8,0,799376439,205544.0
Samoa,2020,Oceania,8,0,807027244,214929.0
San Marino,2000,Europe,4,0,1005159388,26823.0
San Marino,2004,Europe,5,0,1723750000,29093.0
San Marino,2008,Europe,4,0,2393437820,30700.0
San Marino,2012,Europe,4,0,1604779647,33132.0
San Marino,2016,Europe,4,0,1468377272,33834.0
Saudi Arabia,1972,Asia,10,0,9664067929,6724260.0
Saudi Arabia,1976,Asia,14,0,64005623870,8319556.0
Saudi Arabia,1984,Asia,37,0,119624918956,12310361.0
Saudi Arabia,1988,Asia,9,0,88256162068,14713715.0
Saudi Arabia,1992,Asia,9,0,137087876662,17281350.0
Saudi Arabia,1996,Asia,29,0,158662398744,19410280.0
Saudi Arabia,2000,Asia,18,2,189514926213,21547390.0
Saudi Arabia,2004,Asia,16,0,258742263040,23661808.0
Saudi Arabia,2008,Asia,14,0,519796738640,27437353.0
Saudi Arabia,2012,Asia,18,1,735974843360,30821543.0
Saudi Arabia,2016,Asia,10,0,644935541440,33416270.0
Saudi Arabia,2020,Asia,33,1,700117873249,35997107.0
Senegal,1964,Africa,12,0,939145851,3664599.0
Senegal,1968,Africa,21,0,1034293645,4117659.0
Senegal,1972,Africa,38,0,1280328245,4633452.0
Senegal,1976,Africa,21,0,2266860655,5181195.0
Senegal,1980,Africa,32,0,3503282102,5703869.0
Senegal,1984,Africa,24,0,2705535756,6341801.0
Senegal,1988,Africa,23,1,4985153202,7113636.0
Senegal,1992,Africa,20,0,6004885321,7974514.0
Senegal,1996,Africa,11,0,5065830414,8843423.0
Senegal,2000,Africa,26,0,6046725378,9704287.0
Senegal,2004,Africa,15,0,10133399582,10698691.0
Senegal,2008,Africa,15,0,16853991176,11872929.0
Senegal,2012,Africa,31,0,17660871725,13231833.0
Senegal,2016,Africa,22,0,19040312815,14751356.0
Senegal,2020,Africa,9,0,24910904235,16436120.0
Serbia,2008,Europe,87,3,52194221468,7350222.0
Serbia,2012,Europe,116,4,43309252921,7199077.0
Serbia,2016,Europe,103,8,40692643373,7058322.0
Serbia,2020,Europe,87,9,52960134078,6899126.0
Seychelles,1980,Africa,11,0,147357222,63261.0
Seychelles,1984,Africa,9,0,151313241,64717.0
Seychelles,1992,Africa,11,0,433667193,70763.0
Seychelles,1996,Africa,9,0,503068472,76417.0
Seychelles,2000,Africa,9,0,614879764,81131.0
Seychelles,2004,Africa,9,0,839319927,82475.0
Seychelles,2008,Africa,9,0,967199593,86956.0
Seychelles,2012,Africa,6,0,1060226125,88303.0
Seychelles,2016,Africa,10,0,1426651768,94677.0
Seychelles,2020,Africa,5,0,1124937500,98462.0
Sierra Leone,1968,Africa,3,0,329860091,2672370.0
Sierra Leone,1980,Africa,14,0,1100685844,3367477.0
Sierra Leone,1984,Africa,7,0,1087471861,3666262.0
Sierra Leone,1988,Africa,12,0,1055083945,4056215.0
Sierra Leone,1992,Africa,11,0,679997997,4301566.0
Sierra Leone,1996,Africa,14,0,941742152,4347370.0
Sierra Leone,2000,Africa,3,0,635874002,4584067.0
Sierra Leone,2004,Africa,2,0,1448536630,5533329.0
Sierra Leone,2008,Africa,3,0,2505458705,6090860.0
Sierra Leone,2012,Africa,2,0,3801862611,6788587.0
Sierra Leone,2016,Africa,4,0,3674794530,7493913.0
Sierra Leone,2020,Africa,4,0,3865018882,8233970.0
Singapore,1960,Asia,2,1,704756304,1646400.0
Singapore,1968,Asia,4,0,1425715405,2012000.0
Singapore,1972,Asia,7,0,2721440980,2152400.0
Singapore,1976,Asia,4,0,6327077974,2293300.0
Singapore,1984,Asia,5,0,19749361097,2732221.0
Singapore,1988,Asia,8,0,25371462488,2846108.0
Singapore,1992,Asia,14,0,52130263965,3230698.0
Singapore,1996,Asia,13,0,96295886524,3670704.0
Singapore,2000,Asia,14,0,96074477958,4027887.0
Singapore,2004,Asia,15,0,115035498757,4166664.0
Singapore,2008,Asia,25,1,193611986712,4839396.0
Singapore,2012,Asia,23,2,295087220933,5312437.0
Singapore,2016,Asia,24,1,318763807455,5607283.0
Singapore,2020,Asia,22,0,339998477929,5685807.0
Slovenia,1992,Europe,35,2,13101055424,1996498.0
Slovenia,1996,Europe,37,2,21507232648,1988628.0
Slovenia,2000,Europe,74,2,20289627636,1988925.0
Slovenia,2004,Europe,78,4,34414784504,1997012.0
Slovenia,2008,Europe,61,5,55552509154,2021316.0
Slovenia,2012,Europe,65,4,46580457470,2057159.0
Slovenia,2016,Europe,63,4,44736333522,2065042.0
Slovenia,2020,Europe,53,5,52880473699,2102419.0
Solomon Islands,1984,Oceania,3,0,252806783,267913.0
Solomon Islands,1988,Oceania,4,0,310684273,305132.0
Solomon Islands,1992,Oceania,1,0,378778047,343916.0
Solomon Islands,1996,Oceania,4,0,510598923,386069.0
Solomon Islands,2000,Oceania,2,0,419933580,429978.0
Solomon Islands,2004,Oceania,2,0,397611126,471785.0
Solomon Islands,2008,Oceania,3,0,699157190,516001.0
Solomon Islands,2012,Oceania,4,0,1190994126,567763.0
Solomon Islands,2016,Oceania,3,0,1378551118,628102.0
Solomon Islands,2020,Oceania,3,0,1551245525,691191.0
Somalia,1972,Africa,3,0,416942436,3918220.0
Somalia,1984,Africa,7,0,788307213,6369020.0
Somalia,1988,Africa,5,0,1038291284,7160461.0
Somalia,2016,Africa,2,0,6839998517,14292847.0
Somalia,2020,Africa,2,0,4917607582,16537016.0
South Africa,1960,Africa,53,3,7575396973,16520441.0
South Africa,1992,Africa,93,2,134545231416,41760755.0
South Africa,1996,Africa,84,5,147607982694,44661603.0
South Africa,2000,Africa,127,5,136361854808,46813266.0
South Africa,2004,Africa,106,6,228590027400,48556071.0
South Africa,2008,Africa,134,1,286769839732,50565812.0
South Africa,2012,Africa,124,6,396332702639,53145033.0
South Africa,2016,Africa,135,10,296357282715,56422274.0
South Africa,2020,Africa,181,3,301923639269,58801927.0
Spain,1960,Europe,133,1,12072126075,30455000.0
Spain,1964,Europe,50,0,21343844643,31609195.0
Spain,1968,Europe,122,0,31475548481,33113134.0
Spain,1972,Europe,122,1,59132415221,34604469.0
Spain,1976,Europe,113,2,118507184779,36137812.0
Spain,1980,Europe,155,6,232766822928,37491165.0
Spain,1984,Europe,179,5,172102910370,38330364.0
Spain,1988,Europe,226,4,376160409941,38766939.0
Spain,1992,Europe,412,22,630916018202,39157685.0
Spain,1996,Europe,280,17,642588992512,39889852.0
Spain,2000,Europe,316,11,596877648793,40567864.0
Spain,2004,Europe,310,19,1067093369754,42921895.0
Spain,2008,Europe,281,17,1625224842536,45954106.0
Spain,2012,Europe,274,17,1324820091194,46773055.0
Spain,2016,Europe,303,16,1232076017361,46484062.0
Spain,2020,Europe,334,17,1281199091016,47365655.0
Sri Lanka,1960,Asia,5,0,1409873949,9783871.0
Sri Lanka,1964,Asia,6,0,1309747899,10774086.0
Sri Lanka,1968,Asia,3,0,1801344537,11846815.0
Sri Lanka,1972,Asia,4,0,2553936348,12914457.0
Sri Lanka,1980,Asia,4,0,4024621899,14943645.0
Sri Lanka,1984,Asia,4,0,6043474842,15872577.0
Sri Lanka,1988,Asia,6,0,6978371581,16773736.0
Sri Lanka,1992,Asia,11,0,9703011635,17624457.0
Sri Lanka,1996,Asia,9,0,13897738375,18322506.0
Sri Lanka,2000,Asia,18,1,16330814179,18776371.0
Sri Lanka,2004,Asia,7,0,20662525941,19490431.0
Sri Lanka,2008,Asia,8,0,40713812309,20285643.0
Sri Lanka,2012,Asia,7,0,68434409315,21017147.0
Sri Lanka,2016,Asia,9,0,82401038709,21425494.0
Sri Lanka,2020,Asia,9,0,80706600228,21919000.0
Sudan,1960,Africa,10,0,1307333333,8326462.0
Sudan,1968,Africa,5,0,1947333333,10638899.0
Sudan,1972,Africa,26,0,2882000000,12057260.0
Sudan,1984,Africa,7,0,9701357142,19165837.0
Sudan,1988,Africa,8,0,15399166666,20453819.0
Sudan,1992,Africa,6,0,7034219712,21780059.0
Sudan,1996,Africa,4,0,9018243044,23862258.0
Sudan,2000,Africa,3,0,12257418326,26298773.0
Sudan,2004,Africa,4,0,21457470202,28831550.0
Sudan,2008,Africa,9,1,54526580231,32065241.0
Sudan,2012,Africa,6,0,48243204173,35159792.0
Sudan,2016,Africa,6,0,95558220776,39377169.0
Sudan,2020,Africa,5,0,26110829190,44440486.0
Suriname,1968,America,1,0,241350000,355468.0
Suriname,1972,America,2,0,311950000,397529.0
Suriname,1976,America,3,0,505500000,389231.0
Suriname,1984,America,5,0,864000000,382617.0
Suriname,1988,America,6,1,1161000000,402139.0
Suriname,1992,America,6,1,404600000,419521.0
Suriname,1996,America,7,0,861411471,443834.0
Suriname,2000,America,4,0,947671969,478998.0
Suriname,2004,America,4,0,1484092538,510572.0
Suriname,2008,America,4,0,3532969034,533938.0
Suriname,2012,America,5,0,4980000000,558111.0
Suriname,2016,America,6,0,3317438910,581453.0
Suriname,2020,America,3,0,3807922874,607065.0
Sweden,1960,Europe,123,6,15822585033,7484656.0
Sweden,1964,Europe,84,6,22532416750,7661354.0
Sweden,1968,Europe,100,4,31066819929,7912273.0
Sweden,1972,Europe,131,16,48954145808,8122300.0
Sweden,1976,Europe,116,5,89362071672,8222286.0
Sweden,1980,Europe,144,12,142092068280,8310531.0
Sweden,1984,Europe,172,19,109201362581,8336605.0
Sweden,1988,Europe,181,11,206986674500,8436489.0
Sweden,1992,Europe,182,12,284321115594,8668067.0
Sweden,1996,Europe,174,8,291743811512,8840998.0
Sweden,2000,Europe,149,12,262835454366,8872109.0
Sweden,2004,Europe,114,7,385118044877,8993531.0
Sweden,2008,Europe,122,4,517706149201,9219637.0
Sweden,2012,Europe,133,8,552483727282,9519374.0
Sweden,2016,Europe,150,11,515654671469,9923085.0
Sweden,2020,Europe,136,9,537609865719,10353442.0
Switzerland,1960,Europe,139,5,9522746719,5327827.0
Switzerland,1964,Europe,59,4,14480556571,5789228.0
Switzerland,1968,Europe,85,5,18942729779,6067714.0
Switzerland,1972,Europe,151,3,35777236928,6260956.0
Switzerland,1976,Europe,50,4,66493313730,6302504.0
Switzerland,1980,Europe,73,2,122660905890,6319408.0
Switzerland,1984,Europe,129,8,109547355832,6441865.0
Switzerland,1988,Europe,99,4,215721878630,6593386.0
Switzerland,1992,Europe,102,1,280156819798,6875364.0
Switzerland,1996,Europe,115,7,340471241909,7071850.0
Switzerland,2000,Europe,102,9,279841151705,7184250.0
Switzerland,2004,Europe,94,4,405531321270,7389625.0
Switzerland,2008,Europe,79,7,570304197211,7647675.0
Switzerland,2012,Europe,94,4,692109693986,7996861.0
Switzerland,2016,Europe,98,7,695600652899,8373338.0
Switzerland,2020,Europe,116,13,747968636174,8638167.0
Tajikistan,1996,Asia,8,0,1043654822,6035600.0
Tajikistan,2000,Asia,4,0,860521119,6272998.0
Tajikistan,2004,Asia,9,0,2076182460,6801204.0
Tajikistan,2008,Asia,15,2,5161337336,7324627.0
Tajikistan,2012,Asia,16,1,7633049792,7956382.0
Tajikistan,2016,Asia,7,1,6992393787,8725318.0
Tajikistan,2020,Asia,10,0,8194150301,9543207.0
Tanzania,1988,Africa,10,0,5100405772,24844147.0
Tanzania,1992,Africa,9,0,4601413263,27580723.0
Tanzania,1996,Africa,7,0,6496195450,31140733.0
Tanzania,2000,Africa,4,0,13375976353,34463704.0
Tanzania,2004,Africa,8,0,16675948414,38360879.0
Tanzania,2008,Africa,9,0,27941177434,42870884.0
Tanzania,2012,Africa,6,0,39650530214,47786137.0
Tanzania,2016,Africa,7,0,49774021003,54401802.0
Tanzania,2020,Africa,3,0,62409748426,61704518.0
Thailand,1960,Asia,18,0,2760747471,26596584.0
Thailand,1964,Asia,51,0,3889129942,30013573.0
Thailand,1968,Asia,41,0,6081009427,33807357.0
Thailand,1972,Asia,33,0,8177884552,37834384.0
Thailand,1976,Asia,42,1,16985211146,41882128.0
Thailand,1984,Asia,35,1,41797592963,49636724.0
Thailand,1988,Asia,14,1,61667199834,53410965.0
Thailand,1992,Asia,46,1,111452869378,56939020.0
Thailand,1996,Asia,33,2,183035114648,60211096.0
Thailand,2000,Asia,52,3,126392233706,63066603.0
Thailand,2004,Asia,39,8,172895749632,65311166.0
Thailand,2008,Asia,47,4,291382991177,67328239.0
Thailand,2012,Asia,37,3,397558222957,69157023.0
Thailand,2016,Asia,54,6,413366150655,70607037.0
Thailand,2020,Asia,41,2,501794961925,71475664.0
Togo,1972,Africa,7,0,335677636,2330704.0
Togo,1984,Africa,6,0,718148959,3232244.0
Togo,1988,Africa,6,0,1378847487,3653420.0
Togo,1992,Africa,6,0,1692959110,4106219.0
Togo,1996,Africa,5,0,1465448290,4445883.0
Togo,2000,Africa,3,0,1491891107,5008035.0
Togo,2004,Africa,3,0,2259992642,5565218.0
Togo,2008,Africa,4,1,3323677130,6222482.0
Togo,2012,Africa,6,0,3873308389,6926635.0
Togo,2016,Africa,5,0,4486979198,7661354.0
Togo,2020,Africa,4,0,7574635241,8442580.0
Tonga,1984,Oceania,7,0,64248354,97022.0
Tonga,1988,Oceania,5,0,106657267,97939.0
Tonga,1992,Oceania,5,0,137066290,99260.0
Tonga,1996,Oceania,5,1,222100576,100195.0
Tonga,2000,Oceania,3,0,204849612,102603.0
Tonga,2004,Oceania,5,0,230657965,105036.0
Tonga,2008,Oceania,3,0,344428609,106932.0
Tonga,2012,Oceania,3,0,470714083,107502.0
Tonga,2016,Oceania,7,0,420540178,105707.0
Trinidad and Tobago,1964,America,11,3,711893367,913399.0
Trinidad and Tobago,1968,America,19,0,758899950,967699.0
Trinidad and Tobago,1972,America,19,0,1083381044,1013031.0
Trinidad and Tobago,1976,America,13,1,2500410583,1067696.0
Trinidad and Tobago,1980,America,9,0,6235833333,1127852.0
Trinidad and Tobago,1984,America,16,0,7757083333,1184747.0
Trinidad and Tobago,1988,America,6,0,4496852073,1244633.0
Trinidad and Tobago,1992,America,7,0,5439552941,1285502.0
Trinidad and Tobago,1996,America,12,2,5759537726,1313434.0
Trinidad and Tobago,2000,America,19,2,8154338232,1332203.0
Trinidad and Tobago,2004,America,19,1,13280275123,1361172.0
Trinidad and Tobago,2008,America,28,2,27871587349,1392803.0
Trinidad and Tobago,2012,America,25,4,25763220107,1430377.0
Trinidad and Tobago,2016,America,28,1,22386264807,1469330.0
Trinidad and Tobago,2020,America,33,0,21529824769,1518147.0
Tunisia,1968,Africa,7,2,1214666666,4785003.0
Tunisia,1972,Africa,35,1,2237476420,5320148.0
Tunisia,1976,Africa,15,0,4507929104,5929998.0
Tunisia,1984,Africa,23,0,8254891864,7279157.0
Tunisia,1988,Africa,41,0,10096292842,8068788.0
Tunisia,1992,Africa,13,0,15497286295,8802540.0
Tunisia,1996,Africa,51,1,19587322786,9430550.0
Tunisia,2000,Africa,47,0,21473261837,9893316.0
Tunisia,2004,Africa,54,0,31183059012,10292225.0
Tunisia,2008,Africa,26,1,44860969077,10680380.0
Tunisia,2012,Africa,83,3,45044138549,11174383.0
Tunisia,2016,Africa,61,3,41801284916,11685667.0
Tunisia,2020,Africa,63,2,39235672868,12161723.0
Turkmenistan,1996,Asia,7,0,2378759975,4301093.0
Turkmenistan,2000,Asia,8,0,2904732773,4569132.0
Turkmenistan,2004,Asia,9,0,6838351088,4819792.0
Turkmenistan,2008,Asia,10,0,19271523178,5100083.0
Turkmenistan,2012,Asia,10,0,35164210526,5458682.0
Turkmenistan,2016,Asia,9,0,36169428571,5868561.0
Tuvalu,2008,Oceania,3,0,30290219,10272.0
Tuvalu,2012,Oceania,3,0,37671774,10854.0
Tuvalu,2016,Oceania,1,0,36547799,10852.0
Tuvalu,2020,Oceania,2,0,48855550,11069.0
Uganda,1960,Africa,10,0,423008385,7617746.0
Uganda,1964,Africa,13,0,589056603,8564755.0
Uganda,1968,Africa,11,2,1037815126,9696370.0
Uganda,1972,Africa,33,2,1491596638,10885563.0
Uganda,1980,Africa,13,1,1244610000,13284026.0
Uganda,1984,Africa,26,0,3615647477,14617944.0
Uganda,1988,Africa,24,0,6508931651,16489323.0
Uganda,1992,Africa,8,0,2857457860,18801966.0
Uganda,1996,Africa,10,1,6044585326,21249572.0
Uganda,2000,Africa,13,0,6193246837,24020697.0
Uganda,2004,Africa,11,0,7939487473,27146084.0
Uganda,2008,Africa,11,0,14440404021,30509862.0
Uganda,2012,Africa,15,1,27188667092,34273295.0
Uganda,2016,Africa,21,0,29078589751,38748299.0
Uganda,2020,Africa,25,4,37372032557,44404611.0
Ukraine,1996,Europe,231,23,44558076851,51057800.0
Ukraine,2000,Europe,230,23,31261718319,49176500.0
Ukraine,2004,Europe,239,22,64819702951,47451626.0
Ukraine,2008,Europe,243,27,179816790704,46258189.0
Ukraine,2012,Europe,230,20,175781379051,45593342.0
Ukraine,2016,Europe,201,11,93355993628,45004673.0
Ukraine,2020,Europe,153,19,155582008717,44132049.0
United Arab Emirates,1984,Asia,7,0,41807954235,1308331.0
United Arab Emirates,1988,Asia,12,0,36275674203,1683681.0
United Arab Emirates,1992,Asia,13,0,54239171887,2116231.0
United Arab Emirates,1996,Asia,4,0,73571233996,2572735.0
United Arab Emirates,2000,Asia,4,0,104337372362,3275333.0
United Arab Emirates,2004,Asia,4,1,147824370319,3993339.0
United Arab Emirates,2008,Asia,8,0,315474615738,6988685.0
United Arab Emirates,2012,Asia,26,0,374590605854,8664969.0
United Arab Emirates,2016,Asia,12,1,357045064669,8994263.0
Uruguay,1960,America,31,0,1242289239,2529021.0
Uruguay,1964,America,23,1,1975701816,2652376.0
Uruguay,1968,America,27,0,1593675330,2754417.0
Uruguay,1972,America,13,0,2189418001,2821086.0
Uruguay,1976,America,9,0,3667161241,2891094.0
Uruguay,1984,America,18,0,4850241442,3008255.0
Uruguay,1988,America,15,0,8213515458,3077760.0
Uruguay,1992,America,16,0,12878199880,3153732.0
Uruguay,1996,America,14,0,20515543039,3226633.0
Uruguay,2000,America,15,1,22823255801,3292224.0
Uruguay,2004,America,15,0,13686329890,3313801.0
Uruguay,2008,America,12,0,30366213119,3336126.0
Uruguay,2012,America,27,0,51264390116,3371133.0
Uruguay,2016,America,17,0,57236652490,3413766.0
Uruguay,2020,America,11,0,53628827440,3429086.0
Uzbekistan,1996,Asia,71,2,13948892215,23225000.0
Uzbekistan,2000,Asia,70,4,13760513969,24650400.0
Uzbekistan,2004,Asia,69,5,12030023547,25864350.0
Uzbekistan,2008,Asia,56,6,29549438883,27302800.0
Uzbekistan,2012,Asia,53,3,63628854498,29774500.0
Uzbekistan,2016,Asia,70,13,81779012350,31847900.0
Uzbekistan,2020,Asia,67,5,57707189945,34232050.0
Vanuatu,1988,Oceania,4,0,158351368,143528.0
Vanuatu,1992,Oceania,6,0,209088824,158577.0
Vanuatu,1996,Oceania,4,0,261370044,174714.0
Vanuatu,2000,Oceania,3,0,272014693,192074.0
Vanuatu,2004,Oceania,2,0,364996869,212422.0
Vanuatu,2008,Oceania,3,0,590748237,233952.0
Vanuatu,2012,Oceania,5,0,747839697,257313.0
Vanuatu,2016,Oceania,4,0,780889605,283218.0
Vanuatu,2020,Oceania,3,0,854793640,311685.0
Zambia,1964,Africa,12,0,839428571,3542764.0
Zambia,1968,Africa,7,0,1605857142,4029173.0
Zambia,1972,Africa,11,0,1910714285,4523581.0
Zambia,1980,Africa,37,0,3829500000,5720438.0
Zambia,1984,Africa,16,1,2739444444,6488072.0
Zambia,1988,Africa,29,0,3713614457,7294325.0
Zambia,1992,Africa,9,0,3181921787,8074337.0
Zambia,1996,Africa,8,1,3597220962,8902019.0
Zambia,2000,Africa,8,0,3600683039,9891136.0
Zambia,2004,Africa,6,0,6221077674,11188040.0
Zambia,2008,Africa,8,0,17910858637,12852966.0
Zambia,2012,Africa,7,0,25503060420,14744658.0
Zambia,2016,Africa,7,0,20958412538,16767761.0
Zambia,2020,Africa,30,0,19320053859,18927715.0
Zimbabwe,1960,Africa,4,0,1052990400,3806310.0
Zimbabwe,1964,Africa,27,0,1217138000,4310332.0
Zimbabwe,1980,Africa,42,1,6678868200,7049926.0
Zimbabwe,1984,Africa,15,0,6352125900,8398567.0
Zimbabwe,1988,Africa,29,0,7814784100,9568739.0
Zimbabwe,1992,Africa,19,0,6751472200,10641501.0
Zimbabwe,1996,Africa,13,0,8553146600,11178171.0
Zimbabwe,2000,Africa,16,0,6689957600,11834676.0
Zimbabwe,2004,Africa,12,3,5805598400,12160881.0
Zimbabwe,2008,Africa,13,4,4415702800,12550347.0
Zimbabwe,2012,Africa,7,0,17114849900,13265331.0
Zimbabwe,2016,Africa,30,0,20548678100,14452704.0
Zimbabwe,2020,Africa,5,0,16768513442,15669666.0
