Team,Year,Num_Athletes,Total_Medals
AIN,2024,32,5
Acipactli,1964,3,0
Afghanistan,1960,12,0
Afghanistan,1964,8,0
Afghanistan,1968,5,0
Afghanistan,1972,8,0
Afghanistan,1980,11,0
Afghanistan,1988,5,0
Afghanistan,1996,2,0
Afghanistan,2004,5,0
Afghanistan,2008,4,1
Afghanistan,2012,6,1
Afghanistan,2016,3,0
Afghanistan,2020,5,0
Afghanistan,2024,6,0
Akatonbo,1964,3,0
Alain IV,1964,3,0
Albania,1972,5,0
Albania,1992,7,0
Albania,1996,7,0
Albania,2000,4,0
Albania,2004,7,0
Albania,2008,11,0
Albania,2012,9,0
Albania,2016,6,0
Albania,2020,9,0
Albania,2024,8,2
Aldebaran,1964,2,0
Aldebaran II,1960,2,0
Aletta,1960,3,0
Algeria,1964,1,0
Algeria,1968,3,0
Algeria,1972,5,0
Algeria,1980,54,0
Algeria,1984,33,2
Algeria,1988,42,0
Algeria,1992,35,2
Algeria,1996,45,3
Algeria,2000,47,5
Algeria,2004,61,0
Algeria,2008,56,2
Algeria,2012,38,1
Algeria,2016,64,2
Algeria,2020,41,0
Algeria,2024,46,3
Ali-Baba IX,1964,2,0
Ali-Baba VI,1960,2,0
Almaz,1964,2,0
American Samoa,1988,6,0
American Samoa,1992,3,0
American Samoa,1996,7,0
American Samoa,2000,4,0
American Samoa,2004,3,0
American Samoa,2008,4,0
American Samoa,2012,4,0
American Samoa,2016,4,0
American Samoa,2020,6,0
American Samoa,2024,2,0
Andorra,1976,3,0
Andorra,1980,2,0
Andorra,1984,2,0
Andorra,1988,3,0
Andorra,1992,8,0
Andorra,1996,8,0
Andorra,2000,5,0
Andorra,2004,6,0
Andorra,2008,5,0
Andorra,2012,6,0
Andorra,2016,4,0
Andorra,2020,2,0
Andorra,2024,2,0
Andromeda,1964,3,0
Angola,1980,11,0
Angola,1988,24,0
Angola,1992,28,0
Angola,1996,28,0
Angola,2000,30,0
Angola,2004,30,0
Angola,2008,32,0
Angola,2012,33,0
Angola,2016,26,0
Angola,2020,20,0
Angola,2024,25,0
Antigua and Barbuda,1976,10,0
Antigua and Barbuda,1984,14,0
Antigua and Barbuda,1988,15,0
Antigua and Barbuda,1992,13,0
Antigua and Barbuda,1996,13,0
Antigua and Barbuda,2000,3,0
Antigua and Barbuda,2004,5,0
Antigua and Barbuda,2008,5,0
Antigua and Barbuda,2012,4,0
Antigua and Barbuda,2016,8,0
Antigua and Barbuda,2020,6,0
Antigua and Barbuda,2024,5,0
Aphrodite,1964,3,1
Ardilla,1960,3,0
Argentina,1960,84,1
Argentina,1964,97,1
Argentina,1968,89,2
Argentina,1972,92,1
Argentina,1976,69,0
Argentina,1984,81,0
Argentina,1988,118,2
Argentina,1992,84,1
Argentina,1996,179,3
Argentina,2000,138,4
Argentina,2004,149,6
Argentina,2008,131,6
Argentina,2012,137,4
Argentina,2016,213,4
Argentina,2020,189,2
Argentina,2024,143,3
Argentina-1,2000,2,0
Argentina-1,2004,2,0
Argentina-1,2008,2,0
Argentina-1,2016,2,0
Argentina-2,2000,2,0
Argentina-2,2004,2,0
Argentina-2,2008,2,0
Argentina-2,2016,2,0
Argeste,1964,3,0
Argo II,1960,3,0
Armenia,1996,32,2
Armenia,2000,25,1
Armenia,2004,18,0
Armenia,2008,24,6
Armenia,2012,24,3
Armenia,2016,31,4
Armenia,2020,17,4
Armenia,2024,15,4
Aruba,1988,8,0
Aruba,1992,5,0
Aruba,1996,3,0
Aruba,2000,5,0
Aruba,2004,4,0
Aruba,2008,2,0
Aruba,2012,4,0
Aruba,2016,7,0
Aruba,2020,3,0
Aruba,2024,6,0
Astrid III,1960,3,0
Australia,1960,179,22
Australia,1964,233,17
Australia,1968,128,17
Australia,1972,168,17
Australia,1976,180,5
Australia,1980,120,9
Australia,1984,242,24
Australia,1988,252,14
Australia,1992,278,27
Australia,1996,412,40
Australia,2000,603,57
Australia,2004,460,50
Australia,2008,429,46
Australia,2012,398,35
Australia,2016,414,29
Australia,2020,489,45
Australia,2024,474,52
Australia-1,1996,4,1
Australia-1,2000,12,1
Australia-1,2004,8,0
Australia-1,2008,4,0
Australia-1,2012,4,0
Australia-1,2016,4,0
Australia-2,1996,4,0
Australia-2,2000,12,0
Australia-2,2004,8,0
Australia-2,2008,4,0
Australia-2,2012,4,0
Australia-2,2016,4,0
Australia-3,2000,2,0
Austria,1960,96,2
Austria,1964,54,0
Austria,1968,43,4
Austria,1972,111,3
Austria,1976,60,1
Austria,1980,83,4
Austria,1984,102,3
Austria,1988,73,1
Austria,1992,102,2
Austria,1996,70,3
Austria,2000,92,3
Austria,2004,70,7
Austria,2008,66,3
Austria,2012,70,0
Austria,2016,67,1
Austria,2020,76,7
Austria,2024,84,5
Austria-1,1996,2,0
Austria-1,2004,2,0
Austria-1,2008,2,0
Austria-1,2016,2,0
Austria-2,1996,2,0
Austria-2,2004,2,0
Austria-2,2008,2,0
Austria-2,2016,2,0
Azerbaijan,1996,23,1
Azerbaijan,2000,31,3
Azerbaijan,2004,36,5
Azerbaijan,2008,44,7
Azerbaijan,2012,52,10
Azerbaijan,2016,56,18
Azerbaijan,2020,44,7
Azerbaijan,2024,48,7
Baccara,1960,3,0
Bahamas,1960,3,0
Bahamas,1964,3,0
Bahamas,1968,16,0
Bahamas,1972,20,0
Bahamas,1976,11,0
Bahamas,1984,22,0
Bahamas,1988,16,0
Bahamas,1992,14,1
Bahamas,1996,26,1
Bahamas,2000,25,3
Bahamas,2004,22,2
Bahamas,2008,25,2
Bahamas,2012,21,1
Bahamas,2016,29,2
Bahamas,2020,16,2
Bahamas,2024,19,0
Bahrain,1984,10,0
Bahrain,1988,7,0
Bahrain,1992,10,0
Bahrain,1996,5,0
Bahrain,2000,4,0
Bahrain,2004,10,0
Bahrain,2008,14,0
Bahrain,2012,12,1
Bahrain,2016,33,2
Bahrain,2020,32,1
Bahrain,2024,14,4
Bajazzo,1960,3,0
Balaton,1960,2,0
Ballerina IV,1960,3,1
Bangladesh,1984,1,0
Bangladesh,1988,6,0
Bangladesh,1992,6,0
Bangladesh,1996,4,0
Bangladesh,2000,5,0
Bangladesh,2004,4,0
Bangladesh,2008,5,0
Bangladesh,2012,5,0
Bangladesh,2016,6,0
Bangladesh,2020,6,0
Bangladesh,2024,5,0
Barbados,1968,9,0
Barbados,1972,13,0
Barbados,1976,11,0
Barbados,1984,16,0
Barbados,1988,17,0
Barbados,1992,17,0
Barbados,1996,13,0
Barbados,2000,18,1
Barbados,2004,10,0
Barbados,2008,8,0
Barbados,2012,6,0
Barbados,2016,11,0
Barbados,2020,8,0
Barbados,2024,4,0
Barco Deloro,1964,4,0
Barrenjoey,1964,3,1
Beaver,1960,2,0
Belarus,1996,157,15
Belarus,2000,139,17
Belarus,2004,151,13
Belarus,2008,175,18
Belarus,2012,160,12
Belarus,2016,120,9
Belarus,2020,103,7
Belarus-1,2008,2,0
Belarus-2,2008,2,0
Belgium,1960,98,4
Belgium,1964,61,3
Belgium,1968,82,2
Belgium,1972,88,2
Belgium,1976,101,6
Belgium,1980,59,1
Belgium,1984,63,4
Belgium,1988,59,2
Belgium,1992,68,3
Belgium,1996,61,6
Belgium,2000,68,5
Belgium,2004,50,3
Belgium,2008,94,2
Belgium,2012,111,3
Belgium,2016,104,6
Belgium,2020,130,7
Belgium,2024,177,9
Belize,1968,7,0
Belize,1972,1,0
Belize,1976,4,0
Belize,1984,11,0
Belize,1988,10,0
Belize,1992,10,0
Belize,1996,5,0
Belize,2000,2,0
Belize,2004,2,0
Belize,2008,4,0
Belize,2012,3,0
Belize,2016,3,0
Belize,2020,3,0
Belize,2024,1,0
Bella,1960,2,0
Bellatrix IX,1960,3,0
Bellatrix XIII,1964,2,0
Benin,1972,3,0
Benin,1980,16,0
Benin,1984,3,0
Benin,1988,7,0
Benin,1992,6,0
Benin,1996,5,0
Benin,2000,4,0
Benin,2004,4,0
Benin,2008,5,0
Benin,2012,5,0
Benin,2016,6,0
Benin,2020,7,0
Benin,2024,5,0
Bermuda,1960,1,0
Bermuda,1964,1,0
Bermuda,1968,6,0
Bermuda,1972,9,0
Bermuda,1976,16,1
Bermuda,1984,12,0
Bermuda,1988,12,0
Bermuda,1992,20,0
Bermuda,1996,9,0
Bermuda,2000,6,0
Bermuda,2004,10,0
Bermuda,2008,6,0
Bermuda,2012,8,0
Bermuda,2016,8,0
Bermuda,2020,2,1
Bermuda,2024,8,0
Bermudes,1960,3,0
Bermudian,1960,2,0
Bhutan,1984,6,0
Bhutan,1988,3,0
Bhutan,1992,6,0
Bhutan,1996,2,0
Bhutan,2000,2,0
Bhutan,2004,2,0
Bhutan,2008,2,0
Bhutan,2012,2,0
Bhutan,2016,2,0
Bhutan,2020,4,0
Bhutan,2024,3,0
Bim,1960,3,0
Bingo,1964,3,1
Bolivia,1964,1,0
Bolivia,1968,4,0
Bolivia,1972,11,0
Bolivia,1976,4,0
Bolivia,1984,11,0
Bolivia,1988,7,0
Bolivia,1992,13,0
Bolivia,1996,8,0
Bolivia,2000,5,0
Bolivia,2004,7,0
Bolivia,2008,7,0
Bolivia,2012,5,0
Bolivia,2016,12,0
Bolivia,2020,5,0
Bolivia,2024,4,0
Bonaparte,2008,1,1
Boreas,1960,3,0
Bosnia & Herzegovina,2024,5,0
Bosnia and Herzegovina,1992,10,0
Bosnia and Herzegovina,1996,9,0
Bosnia and Herzegovina,2000,9,0
Bosnia and Herzegovina,2004,9,0
Bosnia and Herzegovina,2008,5,0
Bosnia and Herzegovina,2012,6,0
Bosnia and Herzegovina,2016,11,0
Bosnia and Herzegovina,2020,7,0
Botswana,1980,7,0
Botswana,1984,7,0
Botswana,1988,8,0
Botswana,1992,6,0
Botswana,1996,7,0
Botswana,2000,7,0
Botswana,2004,11,0
Botswana,2008,11,0
Botswana,2012,4,1
Botswana,2016,12,0
Botswana,2020,14,1
Botswana,2024,14,2
Brazil,1960,68,2
Brazil,1964,57,1
Brazil,1968,75,3
Brazil,1972,80,2
Brazil,1976,79,2
Brazil,1980,106,4
Brazil,1984,147,8
Brazil,1988,157,6
Brazil,1992,181,3
Brazil,1996,212,13
Brazil,2000,189,9
Brazil,2004,234,8
Brazil,2008,258,14
Brazil,2012,236,15
Brazil,2016,448,17
Brazil,2020,319,21
Brazil,2024,289,19
Brazil-1,1996,4,1
Brazil-1,2000,4,2
Brazil-1,2004,4,2
Brazil-1,2008,4,1
Brazil-1,2012,6,2
Brazil-1,2016,6,2
Brazil-2,1996,4,1
Brazil-2,2000,4,1
Brazil-2,2004,4,0
Brazil-2,2008,4,1
Brazil-2,2012,6,0
Brazil-2,2016,6,0
Brentina,2008,1,0
Briar,2008,1,0
Brigantia,1964,2,0
British Virgin Islands,1984,9,0
British Virgin Islands,1988,3,0
British Virgin Islands,1992,4,0
British Virgin Islands,1996,7,0
British Virgin Islands,2000,1,0
British Virgin Islands,2004,1,0
British Virgin Islands,2008,2,0
British Virgin Islands,2012,2,0
British Virgin Islands,2016,4,0
British Virgin Islands,2020,3,0
Bronia,1960,3,0
Brunei,1996,1,0
Brunei,2000,2,0
Brunei,2004,1,0
Brunei,2012,3,0
Brunei,2016,3,0
Brunei,2020,2,0
Brunei Darussalam,2024,3,0
Bulgaria,1960,97,7
Bulgaria,1964,63,10
Bulgaria,1968,112,9
Bulgaria,1972,129,21
Bulgaria,1976,155,22
Bulgaria,1980,270,41
Bulgaria,1988,172,35
Bulgaria,1992,134,16
Bulgaria,1996,108,15
Bulgaria,2000,91,13
Bulgaria,2004,95,12
Bulgaria,2008,70,5
Bulgaria,2012,63,2
Bulgaria,2016,50,3
Bulgaria,2020,42,6
Bulgaria,2024,46,7
Bulgaria-1,1992,2,0
Bulgaria-2,1992,2,0
Buraddoo,1960,3,0
Burkina Faso,1972,1,0
Burkina Faso,1988,6,0
Burkina Faso,1992,4,0
Burkina Faso,1996,5,0
Burkina Faso,2000,4,0
Burkina Faso,2004,5,0
Burkina Faso,2008,6,0
Burkina Faso,2012,5,0
Burkina Faso,2016,5,0
Burkina Faso,2020,7,1
Burkina Faso,2024,8,0
Burundi,1996,7,1
Burundi,2000,6,0
Burundi,2004,7,0
Burundi,2008,3,0
Burundi,2012,6,0
Burundi,2016,9,1
Burundi,2020,6,0
Burundi,2024,7,0
Cabo Verde,2024,7,1
Calcinhas,1960,2,0
Calimucho,2008,1,0
Calypse II,1960,2,0
Cambodia,1964,11,0
Cambodia,1972,9,0
Cambodia,1996,5,0
Cambodia,2000,4,0
Cambodia,2004,4,0
Cambodia,2008,4,0
Cambodia,2012,6,0
Cambodia,2016,6,0
Cambodia,2020,3,0
Cambodia,2024,3,0
Cambria,1964,3,0
Cameroon,1964,1,0
Cameroon,1968,5,1
Cameroon,1972,11,0
Cameroon,1976,4,0
Cameroon,1980,25,0
Cameroon,1984,46,1
Cameroon,1988,15,0
Cameroon,1992,8,0
Cameroon,1996,15,0
Cameroon,2000,34,1
Cameroon,2004,17,1
Cameroon,2008,32,1
Cameroon,2012,32,0
Cameroon,2016,22,0
Cameroon,2020,12,0
Cameroon,2024,6,0
Canada,1960,75,1
Canada,1964,105,4
Canada,1968,139,5
Canada,1972,207,5
Canada,1976,385,11
Canada,1984,408,44
Canada,1988,328,10
Canada,1992,294,18
Canada,1996,298,21
Canada,2000,288,14
Canada,2004,256,12
Canada,2008,332,19
Canada,2012,272,18
Canada,2016,301,22
Canada,2020,386,24
Canada,2024,332,26
Canada-1,1992,2,0
Canada-1,1996,6,1
Canada-1,2000,6,0
Canada-1,2004,3,0
Canada-1,2016,4,0
Canada-2,1992,2,0
Canada-2,1996,6,0
Canada-2,2000,6,0
Canada-2,2004,4,0
Canada-2,2016,4,0
Canopus,1960,3,0
Cape Verde,1996,3,0
Cape Verde,2000,2,0
Cape Verde,2004,3,0
Cape Verde,2008,2,0
Cape Verde,2012,3,0
Cape Verde,2016,5,0
Cape Verde,2020,6,0
Cayman Islands,1976,2,0
Cayman Islands,1984,8,0
Cayman Islands,1988,8,0
Cayman Islands,1992,10,0
Cayman Islands,1996,9,0
Cayman Islands,2000,3,0
Cayman Islands,2004,5,0
Cayman Islands,2008,4,0
Cayman Islands,2012,4,0
Cayman Islands,2016,5,0
Cayman Islands,2020,5,0
Cayman Islands,2024,4,0
Centr Afric Re,2024,4,0
Central African Republic,1968,1,0
Central African Republic,1984,3,0
Central African Republic,1988,15,0
Central African Republic,1992,15,0
Central African Republic,1996,5,0
Central African Republic,2000,3,0
Central African Republic,2004,4,0
Central African Republic,2008,3,0
Central African Republic,2012,6,0
Central African Republic,2016,6,0
Central African Republic,2020,2,0
Cha-Cha III,1960,2,0
Chad,1964,2,0
Chad,1968,3,0
Chad,1972,4,0
Chad,1984,3,0
Chad,1988,6,0
Chad,1992,6,0
Chad,1996,4,0
Chad,2000,2,0
Chad,2004,1,0
Chad,2008,2,0
Chad,2012,2,0
Chad,2016,2,0
Chad,2020,3,0
Chad,2024,3,0
Chaje II,1964,3,0
Chamukina,1960,2,0
Chile,1960,9,0
Chile,1964,14,0
Chile,1968,21,0
Chile,1972,11,0
Chile,1976,7,0
Chile,1984,52,0
Chile,1988,17,1
Chile,1992,12,0
Chile,1996,21,0
Chile,2000,50,1
Chile,2004,22,3
Chile,2008,26,1
Chile,2012,35,0
Chile,2016,42,0
Chile,2020,57,0
Chile,2024,48,2
China,1984,215,32
China,1988,270,27
China,1992,233,47
China,1996,277,44
China,2000,252,51
China,2004,354,57
China,2008,567,93
China,2012,354,84
China,2016,378,68
China,2020,417,85
China,2024,396,88
China-1,1988,2,1
China-1,1992,8,3
China-1,1996,9,2
China-1,2000,11,3
China-1,2004,14,4
China-1,2008,9,5
China-1,2012,7,3
China-1,2016,7,2
China-2,1988,2,0
China-2,1992,8,3
China-2,1996,10,4
China-2,2000,10,4
China-2,2004,14,2
China-2,2008,10,2
China-2,2012,8,1
China-2,2016,8,0
China-3,2008,2,0
Chinese Taipei,1960,27,1
Chinese Taipei,1964,40,0
Chinese Taipei,1968,43,1
Chinese Taipei,1972,21,0
Chinese Taipei,1984,38,1
Chinese Taipei,1988,60,0
Chinese Taipei,1992,31,1
Chinese Taipei,1996,73,1
Chinese Taipei,2000,53,5
Chinese Taipei,2004,88,5
Chinese Taipei,2008,79,4
Chinese Taipei,2012,44,2
Chinese Taipei,2016,55,3
Chinese Taipei,2020,68,12
Chinese Taipei,2024,60,7
Chinese Taipei-1,1988,2,0
Chinese Taipei-1,1996,2,0
Chinese Taipei-1,2000,2,0
Chinese Taipei-2,1988,2,0
Chinese Taipei-2,1996,2,0
Chinese Taipei-2,2000,2,0
Chok,1960,3,0
Ciocca III,1960,3,0
Circus,1960,2,0
Clearwater,2008,1,1
Clementine V,1964,2,0
Colombia,1960,16,0
Colombia,1964,20,0
Colombia,1968,43,0
Colombia,1972,59,3
Colombia,1976,35,0
Colombia,1980,23,0
Colombia,1984,39,1
Colombia,1988,40,1
Colombia,1992,49,1
Colombia,1996,48,0
Colombia,2000,44,1
Colombia,2004,53,2
Colombia,2008,67,2
Colombia,2012,101,8
Colombia,2016,143,8
Colombia,2020,69,5
Colombia,2024,88,4
Combine,1960,2,0
Comoros,1996,4,0
Comoros,2000,2,0
Comoros,2004,3,0
Comoros,2008,3,0
Comoros,2012,3,0
Comoros,2016,4,0
Comoros,2020,3,0
Comoros,2024,4,0
Congo,2024,4,0
Congo (Brazzaville),1964,2,0
Congo (Brazzaville),1972,6,0
Congo (Brazzaville),1980,23,0
Congo (Brazzaville),1984,9,0
Congo (Brazzaville),1988,7,0
Congo (Brazzaville),1992,7,0
Congo (Brazzaville),1996,5,0
Congo (Brazzaville),2000,5,0
Congo (Brazzaville),2004,5,0
Congo (Brazzaville),2008,5,0
Congo (Brazzaville),2012,7,0
Congo (Brazzaville),2016,10,0
Congo (Kinshasa),1968,5,0
Congo (Kinshasa),1984,8,0
Congo (Kinshasa),1988,15,0
Congo (Kinshasa),1992,17,0
Congo (Kinshasa),1996,14,0
Congo (Kinshasa),2000,2,0
Congo (Kinshasa),2004,4,0
Congo (Kinshasa),2008,5,0
Congo (Kinshasa),2012,4,0
Congo (Kinshasa),2016,4,0
Cook Islands,1988,7,0
Cook Islands,1992,2,0
Cook Islands,1996,3,0
Cook Islands,2000,2,0
Cook Islands,2004,3,0
Cook Islands,2008,4,0
Cook Islands,2012,8,0
Cook Islands,2016,9,0
Cook Islands,2020,6,0
Cook Islands,2024,2,0
Costa Rica,1964,2,0
Costa Rica,1968,18,0
Costa Rica,1972,3,0
Costa Rica,1976,5,0
Costa Rica,1980,29,0
Costa Rica,1984,28,0
Costa Rica,1988,16,1
Costa Rica,1992,16,0
Costa Rica,1996,11,1
Costa Rica,2000,7,2
Costa Rica,2004,20,0
Costa Rica,2008,8,0
Costa Rica,2012,11,0
Costa Rica,2016,11,0
Costa Rica,2020,14,0
Costa Rica,2024,6,0
Cote d'Ivoire,1964,9,0
Cote d'Ivoire,1968,10,0
Cote d'Ivoire,1972,11,0
Cote d'Ivoire,1976,8,0
Cote d'Ivoire,1984,15,1
Cote d'Ivoire,1988,28,0
Cote d'Ivoire,1992,13,0
Cote d'Ivoire,1996,11,0
Cote d'Ivoire,2000,14,0
Cote d'Ivoire,2004,5,0
Cote d'Ivoire,2008,21,0
Cote d'Ivoire,2012,9,0
Cote d'Ivoire,2016,12,2
Croatia,1992,39,3
Croatia,1996,84,2
Croatia,2000,88,2
Croatia,2004,81,5
Croatia,2008,99,5
Croatia,2012,107,6
Croatia,2016,85,10
Croatia,2020,60,8
Croatia,2024,73,7
Cuba,1960,10,0
Cuba,1964,27,1
Cuba,1968,115,4
Cuba,1972,137,8
Cuba,1976,156,13
Cuba,1980,203,20
Cuba,1992,176,31
Cuba,1996,164,25
Cuba,2000,229,29
Cuba,2004,151,27
Cuba,2008,154,24
Cuba,2012,109,14
Cuba,2016,117,11
Cuba,2020,69,15
Cuba,2024,61,9
Cuba-1,2008,2,0
Cuba-2,2008,2,0
Cyprus,1980,14,0
Cyprus,1984,10,0
Cyprus,1988,9,0
Cyprus,1992,17,0
Cyprus,1996,17,0
Cyprus,2000,22,0
Cyprus,2004,20,0
Cyprus,2008,17,0
Cyprus,2012,13,1
Cyprus,2016,15,0
Cyprus,2020,15,0
Cyprus,2024,15,1
Czech Republic,1996,111,10
Czech Republic,2000,111,7
Czech Republic,2004,136,8
Czech Republic,2008,131,6
Czech Republic,2012,126,9
Czech Republic,2016,103,9
Czech Republic,2020,115,11
Czech Republic-1,1996,2,1
Czech Republic-1,2000,4,1
Czech Republic-1,2004,4,1
Czech Republic-1,2008,4,0
Czech Republic-1,2012,6,1
Czech Republic-1,2016,2,1
Czech Republic-2,1996,2,0
Czech Republic-2,2000,4,0
Czech Republic-2,2004,4,0
Czech Republic-2,2008,4,0
Czech Republic-2,2012,6,0
Czech Republic-2,2016,2,0
Czechia,2024,111,5
Czechoslovakia,1960,116,8
Czechoslovakia,1964,104,14
Czechoslovakia,1968,121,13
Czechoslovakia,1972,175,8
Czechoslovakia,1976,163,8
Czechoslovakia,1980,209,14
Czechoslovakia,1988,163,8
Czechoslovakia,1992,202,6
Czechoslovakia-1,1972,2,0
Czechoslovakia-1,1992,2,1
Czechoslovakia-2,1972,2,0
Czechoslovakia-2,1992,2,0
Czechoslovakia-3,1972,2,0
Czechoslovakia-3,1992,2,0
Côte d'Ivoire,2024,13,1
DPR Korea,2024,14,6
DR Congo,2024,6,0
Daisy,1960,3,0
Daisy,1964,2,0
Damoiselle IV,1960,3,0
Danaldo,1960,2,0
Democratic Republic of the Congo,2020,7,0
Denmark,1960,91,4
Denmark,1964,52,5
Denmark,1968,62,8
Denmark,1972,126,1
Denmark,1976,66,3
Denmark,1980,58,5
Denmark,1984,60,6
Denmark,1988,78,4
Denmark,1992,101,6
Denmark,1996,112,6
Denmark,2000,89,6
Denmark,2004,84,7
Denmark,2008,80,6
Denmark,2012,111,8
Denmark,2016,117,15
Denmark,2020,108,11
Denmark,2024,128,9
Denmark-1,1992,4,0
Denmark-1,1996,5,0
Denmark-1,2000,5,0
Denmark-1,2004,5,0
Denmark-1,2008,2,0
Denmark-1,2012,2,1
Denmark-2,1992,4,0
Denmark-2,1996,6,0
Denmark-2,2000,5,0
Denmark-2,2004,5,1
Denmark-2,2008,2,0
Denmark-2,2012,2,0
Diablo,1964,2,0
Diabolo St Maurice,2008,1,0
Digby,2008,1,1
Dinah V,1960,3,0
Djibouti,1984,3,0
Djibouti,1988,6,1
Djibouti,1992,8,0
Djibouti,1996,5,0
Djibouti,2000,2,0
Djibouti,2008,2,0
Djibouti,2012,4,0
Djibouti,2016,7,0
Djibouti,2020,4,0
Djibouti,2024,7,0
Dominica,1996,6,0
Dominica,2000,4,0
Dominica,2004,2,0
Dominica,2008,2,0
Dominica,2012,2,0
Dominica,2016,2,0
Dominica,2020,2,0
Dominica,2024,4,1
Dominican Republic,1964,1,0
Dominican Republic,1968,18,0
Dominican Republic,1972,5,0
Dominican Republic,1976,10,0
Dominican Republic,1980,6,0
Dominican Republic,1984,19,1
Dominican Republic,1988,16,0
Dominican Republic,1992,32,0
Dominican Republic,1996,16,0
Dominican Republic,2000,12,0
Dominican Republic,2004,33,1
Dominican Republic,2008,24,2
Dominican Republic,2012,33,2
Dominican Republic,2016,26,1
Dominican Republic,2020,66,5
Dominican Republic,2024,59,3
Don Schufro,2008,1,1
Dow Jones,2008,1,0
Druzhba,1964,3,0
EOR,2024,37,1
East Germany,1968,225,25
East Germany,1972,291,65
East Germany,1976,267,90
East Germany,1980,346,126
East Germany,1988,259,102
East Germany-1,1972,2,1
East Germany-2,1972,2,0
East Germany-3,1972,2,0
East Timor,2020,3,0
Ecuador,1968,15,0
Ecuador,1972,2,0
Ecuador,1976,5,0
Ecuador,1980,12,0
Ecuador,1984,11,0
Ecuador,1988,13,0
Ecuador,1992,13,0
Ecuador,1996,19,1
Ecuador,2000,10,0
Ecuador,2004,16,0
Ecuador,2008,25,1
Ecuador,2012,36,0
Ecuador,2016,37,0
Ecuador,2020,47,3
Ecuador,2024,40,5
Egypt,1964,72,0
Egypt,1968,30,0
Egypt,1972,23,0
Egypt,1976,26,0
Egypt,1984,113,1
Egypt,1988,48,0
Egypt,1992,74,0
Egypt,1996,29,0
Egypt,2000,88,0
Egypt,2004,96,5
Egypt,2008,100,1
Egypt,2012,109,2
Egypt,2016,118,3
Egypt,2020,140,6
Egypt,2024,155,3
El Salvador,1968,60,0
El Salvador,1972,11,0
El Salvador,1984,10,0
El Salvador,1988,6,0
El Salvador,1992,4,0
El Salvador,1996,8,0
El Salvador,2000,8,0
El Salvador,2004,7,0
El Salvador,2008,11,0
El Salvador,2012,10,0
El Salvador,2016,8,0
El Salvador,2020,5,0
El Salvador,2024,8,0
Elvis Va,2008,1,1
Equatorial Guinea,1984,4,0
Equatorial Guinea,1988,6,0
Equatorial Guinea,1992,7,0
Equatorial Guinea,1996,5,0
Equatorial Guinea,2000,4,0
Equatorial Guinea,2004,2,0
Equatorial Guinea,2008,3,0
Equatorial Guinea,2012,2,0
Equatorial Guinea,2016,1,0
Equatorial Guinea,2020,3,0
Equatorial Guinea,2024,3,0
Eritrea,2000,3,0
Eritrea,2004,4,1
Eritrea,2008,10,0
Eritrea,2012,12,0
Eritrea,2016,12,0
Eritrea,2020,13,0
Eritrea,2024,11,0
Espuma del Mar,1960,2,0
Espuma del Mar,1964,2,0
Estonia,1992,37,2
Estonia,1996,43,0
Estonia,2000,33,3
Estonia,2004,42,3
Estonia,2008,47,2
Estonia,2012,32,2
Estonia,2016,46,1
Estonia,2020,33,2
Estonia,2024,24,0
Eswatini,2020,4,0
Eswatini,2024,3,0
Ethiopia,1960,10,1
Ethiopia,1964,12,1
Ethiopia,1968,18,2
Ethiopia,1972,31,2
Ethiopia,1980,41,4
Ethiopia,1992,20,3
Ethiopia,1996,18,3
Ethiopia,2000,26,8
Ethiopia,2004,26,7
Ethiopia,2008,27,7
Ethiopia,2012,33,7
Ethiopia,2016,37,8
Ethiopia,2020,37,4
Ethiopia,2024,33,4
Evita VI,1960,2,0
Falcon VI,1960,2,0
Faneca,1964,2,0
Fantasio III,1960,2,0
Federated States of Micronesia,2000,5,0
Federated States of Micronesia,2004,5,0
Federated States of Micronesia,2008,5,0
Federated States of Micronesia,2012,6,0
Federated States of Micronesia,2016,5,0
Federated States of Micronesia,2020,3,0
Fiji,1960,2,0
Fiji,1968,1,0
Fiji,1972,2,0
Fiji,1976,2,0
Fiji,1984,14,0
Fiji,1988,23,0
Fiji,1992,18,0
Fiji,1996,17,0
Fiji,2000,7,0
Fiji,2004,8,0
Fiji,2008,6,0
Fiji,2012,9,0
Fiji,2016,53,1
Fiji,2020,32,2
Fiji,2024,36,1
Finland,1960,109,5
Finland,1964,84,5
Finland,1968,66,4
Finland,1972,96,8
Finland,1976,83,6
Finland,1980,105,8
Finland,1984,86,12
Finland,1988,78,4
Finland,1992,87,5
Finland,1996,76,4
Finland,2000,70,4
Finland,2004,53,2
Finland,2008,57,4
Finland,2012,56,3
Finland,2016,54,1
Finland,2020,45,2
Finland,2024,57,0
Firebird II,1964,2,0
Floresco,2008,1,0
Fram III,1964,3,0
France,1960,228,5
France,1964,136,15
France,1968,200,15
France,1972,227,13
France,1976,206,9
France,1980,121,14
France,1984,238,28
France,1988,266,16
France,1992,331,28
France,1996,293,36
France,2000,335,37
France,2004,307,33
France,2008,308,41
France,2012,323,33
France,2016,390,42
France,2020,396,32
France,2024,601,57
France-1,1992,4,1
France-1,1996,4,1
France-1,2000,2,1
France-1,2004,4,0
France-1,2008,2,0
France-1,2012,2,1
France-1,2016,4,0
France-2,1992,4,0
France-2,1996,4,0
France-2,2000,2,0
France-2,2004,4,0
France-2,2008,2,0
France-2,2012,2,1
France-2,2016,3,0
France-3,1992,2,0
Frip IV,1960,2,0
Gabbiano,1960,3,0
Gabon,1972,1,0
Gabon,1984,4,0
Gabon,1988,2,0
Gabon,1992,5,0
Gabon,1996,7,0
Gabon,2000,5,0
Gabon,2004,5,0
Gabon,2008,4,0
Gabon,2012,21,1
Gabon,2016,6,0
Gabon,2020,5,0
Gabon,2024,5,0
Galejan,1960,3,0
Galopin De La Font,2008,1,0
Gambia,1984,10,0
Gambia,1988,6,0
Gambia,1992,5,0
Gambia,1996,9,0
Gambia,2000,2,0
Gambia,2004,2,0
Gambia,2008,3,0
Gambia,2012,2,0
Gambia,2016,4,0
Gambia,2024,7,0
Gem,1964,2,1
Gem VII,1960,2,0
Georgia,1996,34,2
Georgia,2000,36,6
Georgia,2004,32,4
Georgia,2008,35,6
Georgia,2012,34,7
Georgia,2016,40,7
Georgia,2020,35,8
Georgia,2024,28,7
Germany,1960,281,41
Germany,1964,326,49
Germany,1992,457,82
Germany,1996,459,64
Germany,2000,410,55
Germany,2004,427,48
Germany,2008,412,40
Germany,2012,374,43
Germany,2016,413,41
Germany,2020,415,37
Germany,2024,457,29
Germany-1,1992,2,0
Germany-1,1996,4,1
Germany-1,2000,8,1
Germany-1,2004,8,1
Germany-1,2008,4,0
Germany-1,2012,8,1
Germany-1,2016,4,1
Germany-2,1992,2,0
Germany-2,1996,4,0
Germany-2,2000,8,0
Germany-2,2004,8,0
Germany-2,2008,4,0
Germany-2,2012,7,0
Germany-2,2016,4,0
Germany-3,1992,2,0
Ghana,1960,13,1
Ghana,1964,33,1
Ghana,1968,31,0
Ghana,1972,35,1
Ghana,1984,21,0
Ghana,1988,16,0
Ghana,1992,34,1
Ghana,1996,35,0
Ghana,2000,22,0
Ghana,2004,26,0
Ghana,2008,9,0
Ghana,2012,7,0
Ghana,2016,13,0
Ghana,2020,14,1
Ghana,2024,9,0
Glider,1964,2,1
Glisten,1964,2,0
Gran Gesto,2008,1,0
Great Britain,1960,243,20
Great Britain,1964,196,17
Great Britain,1968,225,13
Great Britain,1972,280,18
Great Britain,1976,242,13
Great Britain,1980,219,21
Great Britain,1984,337,37
Great Britain,1988,344,24
Great Britain,1992,359,20
Great Britain,1996,298,15
Great Britain,2000,301,27
Great Britain,2004,258,29
Great Britain,2008,301,48
Great Britain,2012,525,63
Great Britain,2016,357,67
Great Britain,2020,392,65
Great Britain,2024,343,63
Great Britain-1,1972,2,0
Great Britain-1,1988,2,0
Great Britain-1,1992,6,0
Great Britain-1,1996,6,0
Great Britain-1,2000,6,0
Great Britain-1,2004,4,1
Great Britain-1,2008,2,0
Great Britain-1,2012,6,1
Great Britain-1,2016,4,0
Great Britain-2,1972,2,0
Great Britain-2,1988,2,0
Great Britain-2,1992,6,0
Great Britain-2,1996,5,0
Great Britain-2,2000,4,1
Great Britain-2,2004,4,0
Great Britain-2,2008,2,0
Great Britain-2,2012,6,1
Great Britain-2,2016,3,0
Greece,1960,41,0
Greece,1964,15,0
Greece,1968,44,1
Greece,1972,60,2
Greece,1976,36,0
Greece,1980,41,3
Greece,1984,63,2
Greece,1988,56,1
Greece,1992,70,2
Greece,1996,121,8
Greece,2000,140,13
Greece,2004,422,16
Greece,2008,148,4
Greece,2012,102,2
Greece,2016,92,6
Greece,2020,82,4
Greece,2024,100,8
Greece-1,2004,2,0
Greece-1,2008,2,0
Greece-2,2004,2,0
Greece-2,2008,2,0
Greenoaks Dundee,2008,1,0
Grenada,1984,6,0
Grenada,1988,6,0
Grenada,1992,4,0
Grenada,1996,5,0
Grenada,2000,3,0
Grenada,2004,5,0
Grenada,2008,9,0
Grenada,2012,8,1
Grenada,2016,6,1
Grenada,2020,6,1
Grenada,2024,6,2
Grifo III,1960,3,0
Grifo IV,1964,3,0
Grifone,1964,3,0
Guam,1988,19,0
Guam,1992,22,0
Guam,1996,8,0
Guam,2000,7,0
Guam,2004,4,0
Guam,2008,6,0
Guam,2012,8,0
Guam,2016,5,0
Guam,2020,5,0
Guam,2024,7,0
Guanahani,1964,3,0
Guatemala,1968,48,0
Guatemala,1972,8,0
Guatemala,1976,28,0
Guatemala,1980,10,0
Guatemala,1984,24,0
Guatemala,1988,28,0
Guatemala,1992,14,0
Guatemala,1996,26,0
Guatemala,2000,15,0
Guatemala,2004,18,0
Guatemala,2008,12,0
Guatemala,2012,19,1
Guatemala,2016,21,0
Guatemala,2020,24,0
Guatemala,2024,16,2
Guinea,1968,14,0
Guinea,1980,9,0
Guinea,1984,1,0
Guinea,1988,6,0
Guinea,1992,8,0
Guinea,1996,5,0
Guinea,2000,6,0
Guinea,2004,3,0
Guinea,2008,5,0
Guinea,2012,4,0
Guinea,2016,5,0
Guinea,2020,5,0
Guinea,2024,25,0
Guinea Bissau,1996,3,0
Guinea Bissau,2000,3,0
Guinea Bissau,2004,3,0
Guinea Bissau,2008,3,0
Guinea Bissau,2012,4,0
Guinea Bissau,2016,5,0
Guinea-Bissau,2020,4,0
Guinea-Bissau,2024,6,0
Guyana,1960,5,0
Guyana,1964,1,0
Guyana,1968,5,0
Guyana,1972,3,0
Guyana,1980,8,1
Guyana,1984,10,0
Guyana,1988,8,0
Guyana,1992,6,0
Guyana,1996,7,0
Guyana,2000,4,0
Guyana,2004,4,0
Guyana,2008,4,0
Guyana,2012,6,0
Guyana,2016,6,0
Guyana,2020,7,0
Guyana,2024,5,0
GyoshuII,1964,2,0
Haiti,1960,1,0
Haiti,1972,7,0
Haiti,1976,13,0
Haiti,1984,3,0
Haiti,1988,4,0
Haiti,1992,7,0
Haiti,1996,7,0
Haiti,2000,5,0
Haiti,2004,8,0
Haiti,2008,7,0
Haiti,2012,5,0
Haiti,2016,10,0
Haiti,2020,6,0
Haiti,2024,7,0
Hakahana,1960,2,0
Harmony,1960,2,0
Hayama,1964,2,0
Honduras,1968,6,0
Honduras,1976,3,0
Honduras,1984,10,0
Honduras,1988,8,0
Honduras,1992,10,0
Honduras,1996,7,0
Honduras,2000,20,0
Honduras,2004,5,0
Honduras,2008,25,0
Honduras,2012,25,0
Honduras,2016,23,0
Honduras,2020,27,0
Honduras,2024,4,0
Hong Kong,1960,4,0
Hong Kong,1964,36,0
Hong Kong,1968,11,0
Hong Kong,1972,10,0
Hong Kong,1976,25,0
Hong Kong,1984,47,0
Hong Kong,1988,47,0
Hong Kong,1992,37,0
Hong Kong,1996,22,1
Hong Kong,2000,31,0
Hong Kong,2004,30,0
Hong Kong,2008,34,0
Hong Kong,2012,41,1
Hong Kong,2016,36,0
"Hong Kong, China",2020,44,6
"Hong Kong, China",2024,34,4
Hong Kong-1,1988,2,0
Hong Kong-1,2004,4,0
Hong Kong-2,1988,2,0
Hong Kong-2,2004,4,1
Humbug V,1964,2,1
Hungary,1960,179,21
Hungary,1964,182,22
Hungary,1968,166,32
Hungary,1972,226,35
Hungary,1976,177,22
Hungary,1980,260,32
Hungary,1988,188,23
Hungary,1992,215,30
Hungary,1996,212,21
Hungary,2000,178,17
Hungary,2004,206,17
Hungary,2008,169,10
Hungary,2012,151,18
Hungary,2016,153,15
Hungary,2020,171,20
Hungary,2024,177,18
Hungary-1,2004,2,0
Hungary-2,2004,2,0
IR Iran,2024,41,12
Iceland,1960,9,0
Iceland,1964,4,0
Iceland,1968,8,0
Iceland,1972,25,0
Iceland,1976,13,0
Iceland,1980,9,0
Iceland,1984,30,1
Iceland,1988,32,0
Iceland,1992,27,0
Iceland,1996,9,0
Iceland,2000,18,1
Iceland,2004,26,0
Iceland,2008,27,1
Iceland,2012,27,0
Iceland,2016,8,0
Iceland,2020,4,0
Iceland,2024,5,0
India,1960,45,1
India,1964,52,1
India,1968,23,1
India,1972,41,1
India,1976,26,0
India,1980,71,1
India,1984,47,0
India,1988,46,0
India,1992,52,0
India,1996,49,1
India,2000,65,1
India,2004,73,1
India,2008,53,3
India,2012,79,6
India,2016,112,2
India,2020,126,7
India,2024,112,6
India-1,2012,2,0
India-2,2012,2,0
Individual Olympic Athletes,1992,58,3
Individual Olympic Athletes,2000,4,0
Individual Olympic Athletes,2012,4,0
Individual Olympic Athletes,2016,9,2
Indonesia,1960,17,0
Indonesia,1968,6,0
Indonesia,1972,6,0
Indonesia,1976,7,0
Indonesia,1984,16,0
Indonesia,1988,29,1
Indonesia,1992,34,4
Indonesia,1996,28,3
Indonesia,2000,35,5
Indonesia,2004,30,3
Indonesia,2008,18,3
Indonesia,2012,22,2
Indonesia,2016,24,2
Indonesia,2020,28,5
Indonesia,2024,29,3
Indonesia-1,1992,4,1
Indonesia-1,1996,6,1
Indonesia-1,2000,6,1
Indonesia-1,2004,4,1
Indonesia-1,2008,4,2
Indonesia-1,2016,2,1
Indonesia-2,1992,4,0
Indonesia-2,1996,6,0
Indonesia-2,2000,6,0
Indonesia-2,2004,4,0
Indonesia-2,2008,4,0
Indonesia-2,2016,2,0
Inga-Lill XXXXIII,1960,3,0
Iran,1960,23,4
Iran,1964,62,2
Iran,1968,14,5
Iran,1972,48,3
Iran,1976,84,2
Iran,1988,23,1
Iran,1992,36,3
Iran,1996,18,3
Iran,2000,33,4
Iran,2004,37,6
Iran,2008,54,2
Iran,2012,52,12
Iran,2016,63,8
Iran,2020,65,7
Iraq,1960,21,1
Iraq,1964,13,0
Iraq,1968,3,0
Iraq,1980,43,0
Iraq,1984,22,0
Iraq,1988,27,0
Iraq,1992,8,0
Iraq,1996,3,0
Iraq,2000,4,0
Iraq,2004,23,0
Iraq,2008,4,0
Iraq,2012,8,0
Iraq,2016,20,0
Iraq,2020,3,0
Iraq,2024,23,0
Ireland,1960,44,0
Ireland,1964,22,1
Ireland,1968,31,0
Ireland,1972,59,0
Ireland,1976,44,0
Ireland,1980,47,2
Ireland,1984,42,1
Ireland,1988,61,0
Ireland,1992,58,2
Ireland,1996,78,4
Ireland,2000,64,1
Ireland,2004,46,0
Ireland,2008,55,3
Ireland,2012,64,5
Ireland,2016,76,2
Ireland,2020,125,4
Ireland,2024,143,5
Israel,1960,23,0
Israel,1964,10,0
Israel,1968,29,0
Israel,1972,14,0
Israel,1976,26,0
Israel,1984,32,0
Israel,1988,18,0
Israel,1992,30,2
Israel,1996,25,1
Israel,2000,39,1
Israel,2004,36,2
Israel,2008,43,1
Israel,2012,37,0
Israel,2016,47,2
Israel,2020,90,4
Israel,2024,89,7
Italy,1960,270,35
Italy,1964,157,27
Italy,1968,167,16
Italy,1972,223,18
Italy,1976,209,13
Italy,1980,159,15
Italy,1984,268,32
Italy,1988,253,14
Italy,1992,304,19
Italy,1996,340,35
Italy,2000,357,34
Italy,2004,363,32
Italy,2008,332,27
Italy,2012,281,28
Italy,2016,305,27
Italy,2020,377,40
Italy,2024,397,36
Italy-1,2000,2,0
Italy-1,2004,2,0
Italy-1,2008,2,0
Italy-1,2012,3,0
Italy-1,2016,2,1
Italy-2,2000,2,0
Italy-2,2004,2,0
Italy-2,2008,2,0
Italy-2,2012,4,0
Italy-2,2016,2,0
Ivory Coast,2020,31,1
Jamaica,1964,18,0
Jamaica,1968,25,1
Jamaica,1972,32,1
Jamaica,1976,20,2
Jamaica,1980,18,3
Jamaica,1984,45,3
Jamaica,1988,35,2
Jamaica,1992,36,4
Jamaica,1996,46,6
Jamaica,2000,48,9
Jamaica,2004,47,5
Jamaica,2008,50,9
Jamaica,2012,45,12
Jamaica,2016,56,11
Jamaica,2020,61,9
Jamaica,2024,65,6
Japan,1960,156,18
Japan,1964,318,29
Japan,1968,171,25
Japan,1972,184,29
Japan,1976,213,25
Japan,1984,226,31
Japan,1988,254,14
Japan,1992,247,22
Japan,1996,296,14
Japan,2000,255,18
Japan,2004,300,37
Japan,2008,324,25
Japan,2012,287,37
Japan,2016,335,41
Japan,2020,613,57
Japan,2024,430,45
Japan-1,1988,2,0
Japan-1,1992,8,0
Japan-1,1996,8,0
Japan-1,2000,8,0
Japan-1,2004,6,0
Japan-1,2008,4,0
Japan-1,2012,2,1
Japan-2,1988,2,0
Japan-2,1992,8,0
Japan-2,1996,8,0
Japan-2,2000,8,0
Japan-2,2004,6,0
Japan-2,2008,4,0
Japan-2,2012,2,0
Japan-3,1992,2,0
John B,1960,3,0
John B,1964,3,0
Jordan,1980,4,0
Jordan,1984,13,0
Jordan,1988,7,0
Jordan,1992,4,0
Jordan,1996,5,0
Jordan,2000,8,0
Jordan,2004,8,0
Jordan,2008,7,0
Jordan,2012,9,0
Jordan,2016,8,1
Jordan,2020,14,2
Jordan,2024,12,1
June Climene,1960,3,0
Kalayaan,1964,3,0
Kazakhstan,1996,96,11
Kazakhstan,2000,130,7
Kazakhstan,2004,114,8
Kazakhstan,2008,130,13
Kazakhstan,2012,113,13
Kazakhstan,2016,101,18
Kazakhstan,2020,97,8
Kazakhstan,2024,79,7
Kenya,1960,27,0
Kenya,1964,37,1
Kenya,1968,39,9
Kenya,1972,57,9
Kenya,1984,61,3
Kenya,1988,74,9
Kenya,1992,49,8
Kenya,1996,52,8
Kenya,2000,56,7
Kenya,2004,46,7
Kenya,2008,46,15
Kenya,2012,47,11
Kenya,2016,79,13
Kenya,2020,87,10
Kenya,2024,74,11
Kiribati,2004,3,0
Kiribati,2008,2,0
Kiribati,2012,3,0
Kiribati,2016,3,0
Kiribati,2020,3,0
Kiribati,2024,3,0
Korea,2024,147,32
Kosovo,2016,8,1
Kosovo,2020,11,2
Kosovo,2024,9,2
Kuling,1964,3,0
Kuwait,1968,2,0
Kuwait,1972,4,0
Kuwait,1976,15,0
Kuwait,1980,56,0
Kuwait,1984,23,0
Kuwait,1988,25,0
Kuwait,1992,32,0
Kuwait,1996,25,0
Kuwait,2000,29,1
Kuwait,2004,11,0
Kuwait,2008,8,0
Kuwait,2012,10,1
Kuwait,2020,10,1
Kuwait,2024,9,0
Kyrgyzstan,1996,33,0
Kyrgyzstan,2000,48,1
Kyrgyzstan,2004,29,0
Kyrgyzstan,2008,20,2
Kyrgyzstan,2012,14,0
Kyrgyzstan,2016,19,0
Kyrgyzstan,2020,16,3
Kyrgyzstan,2024,16,6
Lady C,1964,2,1
Lancet,2008,1,0
Lao PDR,2024,4,0
Laos,1980,19,0
Laos,1988,3,0
Laos,1992,6,0
Laos,1996,5,0
Laos,2000,3,0
Laos,2004,5,0
Laos,2008,4,0
Laos,2012,3,0
Laos,2016,5,0
Laos,2020,4,0
Lasha,1960,3,0
Latvia,1992,34,3
Latvia,1996,47,1
Latvia,2000,45,3
Latvia,2004,32,4
Latvia,2008,47,3
Latvia,2012,41,1
Latvia,2016,32,0
Latvia,2020,33,2
Latvia,2024,29,0
Latvia-1,2012,2,1
Latvia-2,2012,2,0
Lebanon,1960,17,0
Lebanon,1964,5,0
Lebanon,1968,11,0
Lebanon,1972,19,1
Lebanon,1976,3,0
Lebanon,1980,15,1
Lebanon,1984,22,0
Lebanon,1988,21,0
Lebanon,1992,12,0
Lebanon,1996,1,0
Lebanon,2000,6,0
Lebanon,2004,5,0
Lebanon,2008,6,0
Lebanon,2012,10,0
Lebanon,2016,9,0
Lebanon,2020,6,0
Lebanon,2024,9,0
Lesotho,1972,1,0
Lesotho,1980,5,0
Lesotho,1984,4,0
Lesotho,1988,6,0
Lesotho,1992,6,0
Lesotho,1996,9,0
Lesotho,2000,6,0
Lesotho,2004,3,0
Lesotho,2008,5,0
Lesotho,2012,4,0
Lesotho,2016,8,0
Lesotho,2020,2,0
Lesotho,2024,3,0
Lett,1960,3,0
Liberia,1960,4,0
Liberia,1964,1,0
Liberia,1972,5,0
Liberia,1984,7,0
Liberia,1988,8,0
Liberia,1996,5,0
Liberia,2000,8,0
Liberia,2004,2,0
Liberia,2008,3,0
Liberia,2012,3,0
Liberia,2016,2,0
Liberia,2020,3,0
Liberia,2024,8,0
Libya,1968,1,0
Libya,1980,29,0
Libya,1988,6,0
Libya,1992,5,0
Libya,1996,5,0
Libya,2000,3,0
Libya,2004,8,0
Libya,2008,6,0
Libya,2012,4,0
Libya,2016,7,0
Libya,2020,4,0
Libya,2024,6,0
Liechtenstein,1960,5,0
Liechtenstein,1964,2,0
Liechtenstein,1968,2,0
Liechtenstein,1972,6,0
Liechtenstein,1976,6,0
Liechtenstein,1984,7,0
Liechtenstein,1988,12,0
Liechtenstein,1992,7,0
Liechtenstein,1996,2,0
Liechtenstein,2000,2,0
Liechtenstein,2004,1,0
Liechtenstein,2008,2,0
Liechtenstein,2012,3,0
Liechtenstein,2016,3,0
Liechtenstein,2020,5,0
Liechtenstein,2024,1,0
Linglom,1964,3,0
Lithuania,1992,47,2
Lithuania,1996,61,1
Lithuania,2000,61,5
Lithuania,2004,59,3
Lithuania,2008,71,5
Lithuania,2012,62,5
Lithuania,2016,67,4
Lithuania,2020,42,1
Lithuania,2024,51,4
Lucky,1964,2,0
Lucky Star,2008,1,0
Luxembourg,1960,52,0
Luxembourg,1964,12,0
Luxembourg,1968,5,0
Luxembourg,1972,11,0
Luxembourg,1976,8,0
Luxembourg,1980,3,0
Luxembourg,1984,5,0
Luxembourg,1988,8,0
Luxembourg,1992,6,0
Luxembourg,1996,6,0
Luxembourg,2000,7,0
Luxembourg,2004,10,0
Luxembourg,2008,13,0
Luxembourg,2012,9,0
Luxembourg,2016,10,0
Luxembourg,2020,12,0
Luxembourg,2024,13,0
Ma'Lindo,1960,2,1
Macedonia,1996,11,0
Macedonia,2000,10,1
Macedonia,2004,10,0
Macedonia,2008,7,0
Macedonia,2012,4,0
Macedonia,2016,6,0
Macky VI,1960,3,1
Mad Dog,1960,2,0
Madagascar,1964,3,0
Madagascar,1968,4,0
Madagascar,1972,11,0
Madagascar,1980,11,0
Madagascar,1984,5,0
Madagascar,1992,13,0
Madagascar,1996,11,0
Madagascar,2000,11,0
Madagascar,2004,8,0
Madagascar,2008,6,0
Madagascar,2012,7,0
Madagascar,2016,6,0
Madagascar,2020,6,0
Madagascar,2024,7,0
Maid of Lebanon,1960,2,0
Malawi,1972,16,0
Malawi,1984,15,0
Malawi,1988,16,0
Malawi,1992,4,0
Malawi,1996,2,0
Malawi,2000,2,0
Malawi,2004,4,0
Malawi,2008,4,0
Malawi,2012,3,0
Malawi,2016,5,0
Malawi,2020,5,0
Malawi,2024,3,0
Malaya,1960,9,0
Malaysia,1964,61,0
Malaysia,1968,31,0
Malaysia,1972,44,0
Malaysia,1976,23,0
Malaysia,1984,21,0
Malaysia,1988,9,0
Malaysia,1992,22,0
Malaysia,1996,31,1
Malaysia,2000,36,0
Malaysia,2004,22,0
Malaysia,2008,27,1
Malaysia,2012,28,2
Malaysia,2016,32,5
Malaysia,2020,30,2
Malaysia,2024,26,2
Malaysia-1,1992,2,0
Malaysia-1,1996,2,1
Malaysia-1,2000,2,0
Malaysia-1,2004,2,0
Malaysia-1,2008,2,0
Malaysia-2,1992,2,1
Malaysia-2,1996,2,0
Malaysia-2,2000,2,0
Malaysia-2,2004,2,0
Malaysia-2,2008,2,0
Maldives,1988,7,0
Maldives,1992,7,0
Maldives,1996,6,0
Maldives,2000,4,0
Maldives,2004,4,0
Maldives,2008,4,0
Maldives,2012,5,0
Maldives,2016,4,0
Maldives,2020,4,0
Maldives,2024,5,0
Mali,1964,2,0
Mali,1968,2,0
Mali,1972,3,0
Mali,1980,7,0
Mali,1984,4,0
Mali,1988,6,0
Mali,1992,5,0
Mali,1996,3,0
Mali,2000,5,0
Mali,2004,21,0
Mali,2008,17,0
Mali,2012,6,0
Mali,2016,6,0
Mali,2020,4,0
Mali,2024,24,0
Malta,1960,8,0
Malta,1968,1,0
Malta,1972,5,0
Malta,1980,8,0
Malta,1984,7,0
Malta,1988,6,0
Malta,1992,6,0
Malta,1996,7,0
Malta,2000,7,0
Malta,2004,7,0
Malta,2008,6,0
Malta,2012,5,0
Malta,2016,7,0
Malta,2020,6,0
Malta,2024,5,0
Mari,1960,2,0
Marshall Islands,2008,5,0
Marshall Islands,2012,4,0
Marshall Islands,2016,5,0
Marshall Islands,2020,2,0
Marshall Islands,2024,4,0
Maryke,1964,2,0
Mauritania,1984,2,0
Mauritania,1988,6,0
Mauritania,1992,6,0
Mauritania,1996,4,0
Mauritania,2000,2,0
Mauritania,2004,2,0
Mauritania,2008,2,0
Mauritania,2012,2,0
Mauritania,2016,2,0
Mauritania,2020,2,0
Mauritania,2024,2,0
Mauritius,1984,4,0
Mauritius,1988,8,0
Mauritius,1992,13,0
Mauritius,1996,26,0
Mauritius,2000,20,0
Mauritius,2004,9,0
Mauritius,2008,11,1
Mauritius,2012,11,0
Mauritius,2016,11,0
Mauritius,2020,8,0
Mauritius,2024,12,0
Mauritius-1,1996,2,0
Mauritius-2,1996,2,0
May-Be 1960,1960,2,0
Merope,1960,2,0
Merope III,1960,2,0
Meteor,1960,2,0
Mexico,1960,67,1
Mexico,1964,83,1
Mexico,1968,272,9
Mexico,1972,171,1
Mexico,1976,96,2
Mexico,1980,45,4
Mexico,1984,98,6
Mexico,1988,81,2
Mexico,1992,102,1
Mexico,1996,97,1
Mexico,2000,78,6
Mexico,2004,109,4
Mexico,2008,83,3
Mexico,2012,99,7
Mexico,2016,122,5
Mexico,2020,162,4
Mexico,2024,108,5
Micronesia,2024,3,0
Minotaur,1960,3,1
Miss Denmark 1964,1964,2,0
Miss Nippon IV,1964,3,0
Miss Nippon V,1964,3,0
Mistral Hojris,2008,1,0
MitaII,1964,2,0
Mizar,1960,2,0
Moldova,1996,40,2
Moldova,2000,34,2
Moldova,2004,33,0
Moldova,2008,29,1
Moldova,2012,20,2
Moldova,2016,23,0
Moldova,2020,20,1
Monaco,1960,8,0
Monaco,1964,1,0
Monaco,1968,2,0
Monaco,1972,5,0
Monaco,1976,8,0
Monaco,1984,8,0
Monaco,1988,9,0
Monaco,1992,2,0
Monaco,1996,3,0
Monaco,2000,4,0
Monaco,2004,3,0
Monaco,2008,5,0
Monaco,2012,6,0
Monaco,2016,3,0
Monaco,2020,6,0
Monaco,2024,6,0
Mongolia,1964,21,0
Mongolia,1968,16,4
Mongolia,1972,39,1
Mongolia,1976,32,1
Mongolia,1980,43,4
Mongolia,1988,28,1
Mongolia,1992,33,2
Mongolia,1996,16,1
Mongolia,2000,20,0
Mongolia,2004,20,1
Mongolia,2008,28,4
Mongolia,2012,29,5
Mongolia,2016,43,2
Mongolia,2020,43,4
Mongolia,2024,32,1
Monica,1964,3,0
Montenegro,2008,19,0
Montenegro,2012,33,1
Montenegro,2016,35,0
Montenegro,2020,35,0
Montenegro,2024,19,0
Morocco,1960,47,1
Morocco,1964,20,0
Morocco,1968,25,0
Morocco,1972,35,0
Morocco,1976,9,0
Morocco,1984,34,2
Morocco,1988,27,3
Morocco,1992,44,3
Morocco,1996,34,2
Morocco,2000,55,5
Morocco,2004,55,3
Morocco,2008,47,2
Morocco,2012,63,1
Morocco,2016,48,1
Morocco,2020,46,1
Morocco,2024,61,2
Mozambique,1980,14,0
Mozambique,1984,9,0
Mozambique,1988,8,0
Mozambique,1992,6,0
Mozambique,1996,3,1
Mozambique,2000,4,1
Mozambique,2004,4,0
Mozambique,2008,4,0
Mozambique,2012,6,0
Mozambique,2016,6,0
Mozambique,2020,10,0
Mozambique,2024,7,0
Mutafo,1964,3,1
Myanmar,1960,8,0
Myanmar,1964,11,0
Myanmar,1968,4,0
Myanmar,1972,17,0
Myanmar,1980,2,0
Myanmar,1984,1,0
Myanmar,1988,2,0
Myanmar,1992,4,0
Myanmar,1996,3,0
Myanmar,2000,6,0
Myanmar,2004,2,0
Myanmar,2008,6,0
Myanmar,2012,6,0
Myanmar,2016,7,0
Myanmar,2020,2,0
Myanmar,2024,2,0
Mythilus,2008,1,0
Nadine,2008,1,1
Namibia,1992,6,2
Namibia,1996,8,2
Namibia,2000,11,0
Namibia,2004,8,0
Namibia,2008,10,0
Namibia,2012,9,0
Namibia,2016,10,0
Namibia,2020,11,1
Namibia,2024,4,0
Nauru,1996,3,0
Nauru,2000,2,0
Nauru,2004,3,0
Nauru,2008,1,0
Nauru,2012,2,0
Nauru,2016,2,0
Nauru,2020,2,0
Nauru,2024,1,0
Nausikaa 4,1964,2,0
Nepal,1964,6,0
Nepal,1972,2,0
Nepal,1976,1,0
Nepal,1980,10,0
Nepal,1984,10,0
Nepal,1988,16,0
Nepal,1992,2,0
Nepal,1996,6,0
Nepal,2000,5,0
Nepal,2004,6,0
Nepal,2008,8,0
Nepal,2012,5,0
Nepal,2016,7,0
Nepal,2020,5,0
Nepal,2024,7,0
Netherlands,1960,104,3
Netherlands,1964,119,10
Netherlands,1968,107,7
Netherlands,1972,119,5
Netherlands,1976,108,5
Netherlands,1980,75,3
Netherlands,1984,135,13
Netherlands,1988,147,9
Netherlands,1992,201,15
Netherlands,1996,237,19
Netherlands,2000,231,25
Netherlands,2004,210,22
Netherlands,2008,233,15
Netherlands,2012,169,20
Netherlands,2016,229,18
Netherlands,2020,282,36
Netherlands,2024,288,33
Netherlands Antilles,1960,5,0
Netherlands Antilles,1964,4,0
Netherlands Antilles,1968,5,0
Netherlands Antilles,1972,2,0
Netherlands Antilles,1976,4,0
Netherlands Antilles,1984,8,0
Netherlands Antilles,1988,3,1
Netherlands Antilles,1992,4,0
Netherlands Antilles,1996,6,0
Netherlands Antilles,2000,7,0
Netherlands Antilles,2004,3,0
Netherlands Antilles,2008,3,0
Netherlands-1,1996,2,0
Netherlands-1,2008,2,0
Netherlands-1,2012,2,0
Netherlands-1,2016,4,1
Netherlands-2,1996,2,0
Netherlands-2,2008,2,0
Netherlands-2,2012,2,0
Netherlands-2,2016,4,0
New Zealand,1960,35,3
New Zealand,1964,61,4
New Zealand,1968,52,3
New Zealand,1972,89,3
New Zealand,1976,80,4
New Zealand,1980,4,0
New Zealand,1984,130,11
New Zealand,1988,83,13
New Zealand,1992,134,10
New Zealand,1996,95,6
New Zealand,2000,147,4
New Zealand,2004,148,5
New Zealand,2008,178,9
New Zealand,2012,178,13
New Zealand,2016,195,18
New Zealand,2020,228,20
New Zealand,2024,208,20
Nicaragua,1968,11,0
Nicaragua,1972,8,0
Nicaragua,1976,15,0
Nicaragua,1980,5,0
Nicaragua,1984,5,0
Nicaragua,1992,8,0
Nicaragua,1996,25,0
Nicaragua,2000,6,0
Nicaragua,2004,5,0
Nicaragua,2008,6,0
Nicaragua,2012,6,0
Nicaragua,2016,5,0
Nicaragua,2020,8,0
Nicaragua,2024,7,0
Niger,1964,1,0
Niger,1968,2,0
Niger,1972,4,1
Niger,1984,4,0
Niger,1988,6,0
Niger,1992,3,0
Niger,1996,3,0
Niger,2000,4,0
Niger,2004,4,0
Niger,2008,4,0
Niger,2012,6,0
Niger,2016,6,1
Niger,2020,7,0
Niger,2024,7,0
Nigeria,1960,12,0
Nigeria,1964,18,1
Nigeria,1968,36,0
Nigeria,1972,25,1
Nigeria,1980,44,0
Nigeria,1984,32,2
Nigeria,1988,67,0
Nigeria,1992,54,4
Nigeria,1996,65,6
Nigeria,2000,81,3
Nigeria,2004,66,2
Nigeria,2008,74,4
Nigeria,2012,49,0
Nigeria,2016,71,1
Nigeria,2020,53,2
Nigeria,2024,86,0
Nigeria-1,1988,2,0
Nigeria-1,1992,2,0
Nigeria-1,2000,2,0
Nigeria-1,2004,4,0
Nigeria-2,1988,2,0
Nigeria-2,1992,2,0
Nigeria-2,2000,2,0
Nigeria-2,2004,4,0
Nirefs,1960,3,1
Nokaut II,1960,2,0
North Korea,1972,37,5
North Korea,1976,38,2
North Korea,1980,47,5
North Korea,1992,62,8
North Korea,1996,23,5
North Korea,2000,31,4
North Korea,2004,36,5
North Korea,2008,58,6
North Korea,2012,51,6
North Korea,2016,30,7
North Korea-1,1992,4,1
North Korea-1,1996,2,0
North Korea-2,1992,4,0
North Korea-2,1996,2,0
North Macedonia,2020,8,1
North Macedonia,2024,6,0
North Yemen,1984,2,0
North Yemen,1988,8,0
Norway,1960,32,0
Norway,1964,18,0
Norway,1968,46,2
Norway,1972,112,4
Norway,1976,66,2
Norway,1984,103,3
Norway,1988,69,5
Norway,1992,83,7
Norway,1996,97,7
Norway,2000,89,10
Norway,2004,44,6
Norway,2008,80,9
Norway,2012,61,4
Norway,2016,62,4
Norway,2020,93,8
Norway,2024,109,8
Norway-1,2000,2,0
Norway-1,2004,4,0
Norway-1,2008,2,0
Norway-2,2000,2,0
Norway-2,2004,4,0
Norway-2,2008,2,0
Notavel,2008,1,0
Oleander II,1960,3,0
Oleander XII,1964,3,0
Olen,1964,3,0
Olimpia,1960,2,0
Olympion,1960,2,0
Oman,1984,15,0
Oman,1988,8,0
Oman,1992,5,0
Oman,1996,4,0
Oman,2000,6,0
Oman,2004,2,0
Oman,2008,4,0
Oman,2012,3,0
Oman,2016,4,0
Oman,2020,4,0
Oman,2024,4,0
Orion,2008,1,0
Oxalis,2008,1,0
Pakaria,1960,2,0
Pakistan,1960,43,2
Pakistan,1964,41,1
Pakistan,1968,15,1
Pakistan,1972,24,1
Pakistan,1976,24,1
Pakistan,1984,31,1
Pakistan,1988,30,1
Pakistan,1992,27,1
Pakistan,1996,24,0
Pakistan,2000,26,0
Pakistan,2004,26,0
Pakistan,2008,21,0
Pakistan,2012,20,0
Pakistan,2016,7,0
Pakistan,2020,10,0
Pakistan,2024,7,1
Palau,2000,5,0
Palau,2004,4,0
Palau,2008,5,0
Palau,2012,5,0
Palau,2016,5,0
Palau,2020,3,0
Palau,2024,3,0
Palestine,1996,1,0
Palestine,2000,2,0
Palestine,2004,3,0
Palestine,2008,4,0
Palestine,2012,5,0
Palestine,2016,6,0
Palestine,2020,5,0
Palestine,2024,8,0
Panama,1960,6,0
Panama,1964,10,0
Panama,1968,16,0
Panama,1972,7,0
Panama,1976,8,0
Panama,1984,8,0
Panama,1988,6,0
Panama,1992,5,0
Panama,1996,7,0
Panama,2000,6,0
Panama,2004,4,0
Panama,2008,5,1
Panama,2012,8,0
Panama,2016,10,0
Panama,2020,10,0
Panama,2024,8,1
Pandora,1964,2,1
Papua New Guinea,1976,6,0
Papua New Guinea,1984,7,0
Papua New Guinea,1988,11,0
Papua New Guinea,1992,13,0
Papua New Guinea,1996,11,0
Papua New Guinea,2000,5,0
Papua New Guinea,2004,4,0
Papua New Guinea,2008,7,0
Papua New Guinea,2012,8,0
Papua New Guinea,2016,8,0
Papua New Guinea,2020,8,0
Papua New Guinea,2024,7,0
Paraguay,1968,1,0
Paraguay,1972,3,0
Paraguay,1976,4,0
Paraguay,1984,14,0
Paraguay,1988,10,0
Paraguay,1992,27,0
Paraguay,1996,7,0
Paraguay,2000,5,0
Paraguay,2004,21,1
Paraguay,2008,7,0
Paraguay,2012,8,0
Paraguay,2016,11,0
Paraguay,2020,8,0
Paraguay,2024,29,0
Partenope,1960,3,0
Pasodoble,1960,2,0
Patricia,1960,3,0
Peri,1960,2,0
Peri II,1964,2,0
Persey,1960,3,0
Peru,1960,31,0
Peru,1964,31,0
Peru,1968,28,0
Peru,1972,20,0
Peru,1976,13,0
Peru,1980,28,0
Peru,1984,35,1
Peru,1988,21,1
Peru,1992,16,1
Peru,1996,29,0
Peru,2000,21,0
Peru,2004,12,0
Peru,2008,13,0
Peru,2012,16,0
Peru,2016,28,0
Peru,2020,35,0
Peru,2024,26,1
Philippines,1960,37,0
Philippines,1964,44,1
Philippines,1968,49,0
Philippines,1972,53,0
Philippines,1976,14,0
Philippines,1984,19,0
Philippines,1988,31,1
Philippines,1992,26,1
Philippines,1996,12,1
Philippines,2000,20,0
Philippines,2004,16,0
Philippines,2008,15,0
Philippines,2012,11,0
Philippines,2016,13,1
Philippines,2020,19,4
Philippines,2024,22,4
Phoenix,1964,3,0
Pigoule,1964,2,0
Pimm,1960,2,0
Poland,1960,185,21
Poland,1964,139,23
Poland,1968,177,18
Poland,1972,284,21
Poland,1976,207,26
Poland,1980,305,32
Poland,1988,143,16
Poland,1992,199,19
Poland,1996,161,17
Poland,2000,183,13
Poland,2004,194,10
Poland,2008,255,10
Poland,2012,208,10
Poland,2016,230,11
Poland,2020,218,14
Poland,2024,226,10
Poland-1,1972,2,0
Poland-1,1992,2,0
Poland-1,1996,2,0
Poland-1,2000,2,1
Poland-1,2008,2,0
Poland-1,2012,2,0
Poland-1,2016,2,0
Poland-2,1972,2,0
Poland-2,1992,2,0
Poland-2,1996,2,0
Poland-2,2000,2,0
Poland-2,2008,2,0
Poland-2,2012,2,0
Poland-2,2016,2,0
Poland-3,1972,2,0
Pop Art,2008,1,0
Portugal,1960,55,0
Portugal,1964,15,0
Portugal,1968,20,0
Portugal,1972,29,0
Portugal,1976,19,2
Portugal,1980,11,0
Portugal,1984,38,3
Portugal,1988,65,1
Portugal,1992,90,0
Portugal,1996,106,2
Portugal,2000,61,2
Portugal,2004,80,3
Portugal,2008,77,2
Portugal,2012,76,1
Portugal,2016,90,1
Portugal,2020,93,4
Portugal,2024,75,4
Posillipo III,1960,3,0
Pousse-Moi Pas VII,1964,2,0
Proteus II,1964,3,0
Puerto Rico,1960,27,0
Puerto Rico,1964,32,0
Puerto Rico,1968,58,0
Puerto Rico,1972,53,0
Puerto Rico,1976,80,1
Puerto Rico,1980,3,0
Puerto Rico,1984,51,2
Puerto Rico,1988,47,0
Puerto Rico,1992,69,1
Puerto Rico,1996,69,1
Puerto Rico,2000,29,0
Puerto Rico,2004,43,0
Puerto Rico,2008,22,0
Puerto Rico,2012,25,2
Puerto Rico,2016,40,1
Puerto Rico,2020,37,1
Puerto Rico,2024,51,2
Qatar,1984,24,0
Qatar,1988,10,0
Qatar,1992,28,1
Qatar,1996,12,0
Qatar,2000,17,1
Qatar,2004,15,0
Qatar,2008,20,0
Qatar,2012,12,2
Qatar,2016,37,1
Qatar,2020,16,3
Qatar,2024,13,1
Quando Quando,2008,1,0
Rambo,2008,1,0
Rampage,1964,2,0
Ravel,2008,1,0
Refugee Olympic Athletes,2016,10,0
Refugee Olympic Team,2020,29,0
Relampago,2008,1,0
Republic of Moldova,2024,26,4
Republic of the Congo,2020,3,0
Rhodesia,1960,8,0
Riccar,1964,2,0
Rififi,1960,3,0
Romania,1960,98,10
Romania,1964,138,12
Romania,1968,82,15
Romania,1972,159,16
Romania,1976,157,27
Romania,1980,226,25
Romania,1984,124,52
Romania,1988,68,24
Romania,1992,171,18
Romania,1996,165,19
Romania,2000,145,26
Romania,2004,108,19
Romania,2008,101,8
Romania,2012,105,9
Romania,2016,94,4
Romania,2020,104,4
Romania,2024,96,9
Romania-1,1992,2,0
Romania-1,2016,2,0
Romania-2,1992,2,0
Romania-2,2016,2,0
Roy,1964,3,0
Rush VII,1964,3,1
Russia,1996,389,63
Russia,2000,434,89
Russia,2004,442,90
Russia,2008,451,72
Russia,2012,422,81
Russia,2016,279,55
Russia,2020,341,68
Russia-1,2004,6,0
Russia-1,2008,4,0
Russia-1,2012,4,1
Russia-1,2016,4,0
Russia-2,2004,6,0
Russia-2,2008,4,0
Russia-2,2012,4,0
Russia-2,2016,4,1
Rwanda,1984,3,0
Rwanda,1988,6,0
Rwanda,1992,10,0
Rwanda,1996,4,0
Rwanda,2000,5,0
Rwanda,2004,5,0
Rwanda,2008,4,0
Rwanda,2012,7,0
Rwanda,2016,7,0
Rwanda,2020,5,0
Rwanda,2024,7,0
SagaII,1960,3,0
Saint Kitts and Nevis,1996,10,0
Saint Kitts and Nevis,2000,2,0
Saint Kitts and Nevis,2004,2,0
Saint Kitts and Nevis,2008,4,0
Saint Kitts and Nevis,2012,4,0
Saint Kitts and Nevis,2016,6,0
Saint Kitts and Nevis,2020,2,0
Saint Lucia,1996,6,0
Saint Lucia,2000,5,0
Saint Lucia,2004,2,0
Saint Lucia,2008,4,0
Saint Lucia,2012,4,0
Saint Lucia,2016,5,0
Saint Lucia,2020,5,0
Saint Lucia,2024,4,2
Saint Vincent and the Grenadines,1988,6,0
Saint Vincent and the Grenadines,1992,6,0
Saint Vincent and the Grenadines,1996,8,0
Saint Vincent and the Grenadines,2000,4,0
Saint Vincent and the Grenadines,2004,3,0
Saint Vincent and the Grenadines,2008,2,0
Saint Vincent and the Grenadines,2012,3,0
Saint Vincent and the Grenadines,2016,4,0
Saint Vincent and the Grenadines,2020,3,0
Salamander,1960,3,0
Salinero,2008,1,1
Samoa,1984,8,0
Samoa,1988,11,0
Samoa,1992,5,0
Samoa,1996,5,0
Samoa,2000,5,0
Samoa,2004,3,0
Samoa,2008,6,0
Samoa,2012,8,0
Samoa,2016,8,0
Samoa,2020,8,0
Samoa,2024,24,0
San Marino,1960,9,0
San Marino,1968,4,0
San Marino,1972,7,0
San Marino,1976,10,0
San Marino,1980,16,0
San Marino,1984,19,0
San Marino,1988,11,0
San Marino,1992,17,0
San Marino,1996,7,0
San Marino,2000,4,0
San Marino,2004,5,0
San Marino,2008,4,0
San Marino,2012,4,0
San Marino,2016,4,0
San Marino,2020,5,3
San Marino,2024,5,0
Sao Tome & Principe,2024,3,0
Sao Tome and Principe,1996,2,0
Sao Tome and Principe,2000,2,0
Sao Tome and Principe,2004,2,0
Sao Tome and Principe,2008,3,0
Sao Tome and Principe,2012,2,0
Sao Tome and Principe,2016,3,0
Satchmo,2008,1,1
Saudi Arabia,1972,10,0
Saudi Arabia,1976,14,0
Saudi Arabia,1984,37,0
Saudi Arabia,1988,9,0
Saudi Arabia,1992,9,0
Saudi Arabia,1996,29,0
Saudi Arabia,2000,18,2
Saudi Arabia,2004,16,0
Saudi Arabia,2008,14,0
Saudi Arabia,2012,18,1
Saudi Arabia,2016,10,0
Saudi Arabia,2020,33,1
Saudi Arabia,2024,8,0
Scram,1960,2,0
Senegal,1964,12,0
Senegal,1968,21,0
Senegal,1972,38,0
Senegal,1976,21,0
Senegal,1980,32,0
Senegal,1984,24,0
Senegal,1988,23,1
Senegal,1992,20,0
Senegal,1996,11,0
Senegal,2000,26,0
Senegal,2004,15,0
Senegal,2008,15,0
Senegal,2012,31,0
Senegal,2016,22,0
Senegal,2020,9,0
Senegal,2024,11,0
Serbia,2008,87,3
Serbia,2012,116,4
Serbia,2016,103,8
Serbia,2020,87,9
Serbia,2024,114,5
Serbia and Montenegro,1996,68,4
Serbia and Montenegro,2000,109,3
Serbia and Montenegro,2004,85,2
Serbia-1,2012,2,0
Serbia-2,2012,2,0
Serendipity,1964,3,0
Seychelles,1980,11,0
Seychelles,1984,9,0
Seychelles,1992,11,0
Seychelles,1996,9,0
Seychelles,2000,9,0
Seychelles,2004,9,0
Seychelles,2008,9,0
Seychelles,2012,6,0
Seychelles,2016,10,0
Seychelles,2020,5,0
Seychelles,2024,3,0
Shrew II,1960,2,1
Siames-Cat,1960,2,0
Sierra Leone,1968,3,0
Sierra Leone,1980,14,0
Sierra Leone,1984,7,0
Sierra Leone,1988,12,0
Sierra Leone,1992,11,0
Sierra Leone,1996,14,0
Sierra Leone,2000,3,0
Sierra Leone,2004,2,0
Sierra Leone,2008,3,0
Sierra Leone,2012,2,0
Sierra Leone,2016,4,0
Sierra Leone,2020,4,0
Sierra Leone,2024,4,0
Singapore,1960,2,1
Singapore,1968,4,0
Singapore,1972,7,0
Singapore,1976,4,0
Singapore,1984,5,0
Singapore,1988,8,0
Singapore,1992,14,0
Singapore,1996,13,0
Singapore,2000,14,0
Singapore,2004,15,0
Singapore,2008,25,1
Singapore,2012,23,2
Singapore,2016,24,1
Singapore,2020,22,0
Singapore,2024,23,1
Singapore-1,2004,2,0
Singapore-2,2004,2,0
Sirene,1960,2,1
Sjovinge,1960,2,0
Skum,1960,2,1
Slovakia,1996,67,3
Slovakia,2000,108,5
Slovakia,2004,63,6
Slovakia,2008,57,6
Slovakia,2012,47,4
Slovakia,2016,51,4
Slovakia,2020,41,4
Slovakia,2024,28,1
Slovakia-1,1996,2,0
Slovakia-1,2004,2,0
Slovakia-2,1996,2,0
Slovakia-2,2004,2,0
Slovenia,1992,35,2
Slovenia,1996,37,2
Slovenia,2000,74,2
Slovenia,2004,78,4
Slovenia,2008,61,5
Slovenia,2012,65,4
Slovenia,2016,63,4
Slovenia,2020,53,5
Slovenia,2024,94,3
Slovenia-1,2004,2,0
Slovenia-2,2004,2,0
Snowten III,1960,3,0
Solomon Islands,1984,3,0
Solomon Islands,1988,4,0
Solomon Islands,1992,1,0
Solomon Islands,1996,4,0
Solomon Islands,2000,2,0
Solomon Islands,2004,2,0
Solomon Islands,2008,3,0
Solomon Islands,2012,4,0
Solomon Islands,2016,3,0
Solomon Islands,2020,3,0
Solomon Islands,2024,2,0
Solos Carex,2008,1,0
Somalia,1972,3,0
Somalia,1984,7,0
Somalia,1988,5,0
Somalia,1996,4,0
Somalia,2000,2,0
Somalia,2004,2,0
Somalia,2008,2,0
Somalia,2012,2,0
Somalia,2016,2,0
Somalia,2020,2,0
Somalia,2024,1,0
South Africa,1960,53,3
South Africa,1992,93,2
South Africa,1996,84,5
South Africa,2000,127,5
South Africa,2004,106,6
South Africa,2008,134,1
South Africa,2012,124,6
South Africa,2016,135,10
South Africa,2020,181,3
South Africa,2024,141,6
South Korea,1960,35,0
South Korea,1964,153,3
South Korea,1968,54,2
South Korea,1972,42,1
South Korea,1976,50,6
South Korea,1984,174,19
South Korea,1988,398,32
South Korea,1992,215,23
South Korea,1996,288,22
South Korea,2000,271,25
South Korea,2004,249,27
South Korea,2008,253,28
South Korea,2012,243,27
South Korea,2016,199,20
South Korea,2020,237,20
South Korea-1,1988,2,0
South Korea-1,1992,8,4
South Korea-1,1996,10,2
South Korea-1,2000,9,2
South Korea-1,2004,9,2
South Korea-1,2008,5,3
South Korea-1,2012,4,1
South Korea-1,2016,4,1
South Korea-2,1988,2,1
South Korea-2,1992,8,2
South Korea-2,1996,10,3
South Korea-2,2000,9,1
South Korea-2,2004,9,1
South Korea-2,2008,6,0
South Korea-2,2012,4,0
South Korea-2,2016,4,0
South Sudan,2016,3,0
South Sudan,2020,2,0
South Sudan,2024,14,0
South Vietnam,1960,3,0
South Vietnam,1964,15,0
South Vietnam,1968,9,0
South Vietnam,1972,2,0
South Yemen,1988,5,0
Soviet Union,1960,273,102
Soviet Union,1964,306,93
Soviet Union,1968,311,91
Soviet Union,1972,371,99
Soviet Union,1976,408,125
Soviet Union,1980,489,195
Soviet Union,1988,479,131
Spain,1960,133,1
Spain,1964,50,0
Spain,1968,122,0
Spain,1972,122,1
Spain,1976,113,2
Spain,1980,155,6
Spain,1984,179,5
Spain,1988,226,4
Spain,1992,412,22
Spain,1996,280,17
Spain,2000,316,11
Spain,2004,310,19
Spain,2008,281,17
Spain,2012,274,17
Spain,2016,303,16
Spain,2020,334,17
Spain,2024,400,18
Spain-1,1996,2,0
Spain-1,2004,4,0
Spain-1,2008,4,1
Spain-1,2012,4,0
Spain-1,2016,4,0
Spain-2,1996,2,0
Spain-2,2004,4,1
Spain-2,2008,4,0
Spain-2,2012,4,0
Spain-2,2016,4,1
Spirit VI,1960,3,0
Squid III,1964,2,0
Sri Lanka,1960,5,0
Sri Lanka,1964,6,0
Sri Lanka,1968,3,0
Sri Lanka,1972,4,0
Sri Lanka,1980,4,0
Sri Lanka,1984,4,0
Sri Lanka,1988,6,0
Sri Lanka,1992,11,0
Sri Lanka,1996,9,0
Sri Lanka,2000,18,1
Sri Lanka,2004,7,0
Sri Lanka,2008,8,0
Sri Lanka,2012,7,0
Sri Lanka,2016,9,0
Sri Lanka,2020,9,0
Sri Lanka,2024,6,0
St Kitts and Nevis,2024,3,0
StVincent&Grenadines,2024,4,0
State VI,1964,3,0
Struten,1960,3,0
Subbnboana,1964,4,0
Sudan,1960,10,0
Sudan,1968,5,0
Sudan,1972,26,0
Sudan,1984,7,0
Sudan,1988,8,0
Sudan,1992,6,0
Sudan,1996,4,0
Sudan,2000,3,0
Sudan,2004,4,0
Sudan,2008,9,1
Sudan,2012,6,0
Sudan,2016,6,0
Sudan,2020,5,0
Sudan,2024,4,0
Sunrise,2008,1,1
Suriname,1968,1,0
Suriname,1972,2,0
Suriname,1976,3,0
Suriname,1984,5,0
Suriname,1988,6,1
Suriname,1992,6,1
Suriname,1996,7,0
Suriname,2000,4,0
Suriname,2004,4,0
Suriname,2008,4,0
Suriname,2012,5,0
Suriname,2016,6,0
Suriname,2020,3,0
Suriname,2024,5,0
Surprise,1960,3,0
Swaziland,1972,2,0
Swaziland,1984,8,0
Swaziland,1988,11,0
Swaziland,1992,6,0
Swaziland,1996,6,0
Swaziland,2000,6,0
Swaziland,2004,3,0
Swaziland,2008,4,0
Swaziland,2012,3,0
Swaziland,2016,2,0
Sweden,1960,123,6
Sweden,1964,84,6
Sweden,1968,100,4
Sweden,1972,131,16
Sweden,1976,116,5
Sweden,1980,144,12
Sweden,1984,172,19
Sweden,1988,181,11
Sweden,1992,182,12
Sweden,1996,174,8
Sweden,2000,149,12
Sweden,2004,114,7
Sweden,2008,122,4
Sweden,2012,133,8
Sweden,2016,150,11
Sweden,2020,136,9
Sweden,2024,125,11
Sweden-1,1988,2,0
Sweden-1,1992,4,0
Sweden-1,1996,4,0
Sweden-1,2000,2,0
Sweden-1,2008,2,0
Sweden-2,1988,2,0
Sweden-2,1992,4,0
Sweden-2,1996,4,0
Sweden-2,2000,2,0
Sweden-2,2004,2,0
Sweden-2,2008,2,1
Switzerland,1960,139,5
Switzerland,1964,59,4
Switzerland,1968,85,5
Switzerland,1972,151,3
Switzerland,1976,50,4
Switzerland,1980,73,2
Switzerland,1984,129,8
Switzerland,1988,99,4
Switzerland,1992,102,1
Switzerland,1996,115,7
Switzerland,2000,102,9
Switzerland,2004,94,4
Switzerland,2008,79,7
Switzerland,2012,94,4
Switzerland,2016,98,7
Switzerland,2020,116,13
Switzerland,2024,137,7
Switzerland-1,2004,2,0
Switzerland-1,2008,2,0
Switzerland-1,2012,2,0
Switzerland-1,2016,2,0
Switzerland-2,2004,2,1
Switzerland-2,2008,2,0
Switzerland-2,2012,2,0
Switzerland-2,2016,2,0
Syndi,1964,2,0
Syria,1968,2,0
Syria,1972,5,0
Syria,1980,67,0
Syria,1984,9,1
Syria,1988,13,0
Syria,1992,8,0
Syria,1996,7,1
Syria,2000,8,0
Syria,2004,6,1
Syria,2008,7,0
Syria,2012,10,0
Syria,2016,7,0
Syria,2020,6,1
Syria,2024,6,0
São Tomé and Príncipe,2020,3,0
Taifun,1964,2,0
Tajamar,1960,2,0
Tajikistan,1996,8,0
Tajikistan,2000,4,0
Tajikistan,2004,9,0
Tajikistan,2008,15,2
Tajikistan,2012,16,1
Tajikistan,2016,7,1
Tajikistan,2020,10,0
Tajikistan,2024,14,3
Tango,1960,3,1
Tango,1964,3,0
Tantalus,1964,2,0
Tanzania,1964,4,0
Tanzania,1968,4,0
Tanzania,1972,15,0
Tanzania,1980,41,2
Tanzania,1984,18,0
Tanzania,1988,10,0
Tanzania,1992,9,0
Tanzania,1996,7,0
Tanzania,2000,4,0
Tanzania,2004,8,0
Tanzania,2008,9,0
Tanzania,2012,6,0
Tanzania,2016,7,0
Tanzania,2020,3,0
Tanzania,2024,7,0
Tengiri,1960,2,0
Terrible,1960,2,0
Thailand,1960,18,0
Thailand,1964,51,0
Thailand,1968,41,0
Thailand,1972,33,0
Thailand,1976,42,1
Thailand,1984,35,1
Thailand,1988,14,1
Thailand,1992,46,1
Thailand,1996,33,2
Thailand,2000,52,3
Thailand,2004,39,8
Thailand,2008,47,4
Thailand,2012,37,3
Thailand,2016,54,6
Thailand,2020,41,2
Thailand,2024,52,6
Thailand-1,1996,2,0
Thailand-1,2004,2,0
Thailand-2,1996,2,0
Thailand-2,2004,2,0
The Gambia,2020,4,0
Three Leaves,1960,2,0
Timor Leste,2004,2,0
Timor Leste,2008,1,0
Timor Leste,2012,2,0
Timor Leste,2016,3,0
Timor-Leste,2024,4,0
Tlaloc,1964,2,0
Togo,1972,7,0
Togo,1984,6,0
Togo,1988,6,0
Togo,1992,6,0
Togo,1996,5,0
Togo,2000,3,0
Togo,2004,3,0
Togo,2008,4,1
Togo,2012,6,0
Togo,2016,5,0
Togo,2020,4,0
Togo,2024,5,0
Tonga,1984,7,0
Tonga,1988,5,0
Tonga,1992,5,0
Tonga,1996,5,1
Tonga,2000,3,0
Tonga,2004,5,0
Tonga,2008,3,0
Tonga,2012,3,0
Tonga,2016,7,0
Tonga,2020,6,0
Tonga,2024,4,0
Tornado,1960,2,1
Trinidad and Tobago,1964,11,3
Trinidad and Tobago,1968,19,0
Trinidad and Tobago,1972,19,0
Trinidad and Tobago,1976,13,1
Trinidad and Tobago,1980,9,0
Trinidad and Tobago,1984,16,0
Trinidad and Tobago,1988,6,0
Trinidad and Tobago,1992,7,0
Trinidad and Tobago,1996,12,2
Trinidad and Tobago,2000,19,2
Trinidad and Tobago,2004,19,1
Trinidad and Tobago,2008,28,2
Trinidad and Tobago,2012,25,4
Trinidad and Tobago,2016,28,1
Trinidad and Tobago,2020,33,0
Trinidad and Tobago,2024,17,0
Trintel II,1960,3,0
Tunisia,1960,42,0
Tunisia,1964,9,2
Tunisia,1968,7,2
Tunisia,1972,35,1
Tunisia,1976,15,0
Tunisia,1984,23,0
Tunisia,1988,41,0
Tunisia,1992,13,0
Tunisia,1996,51,1
Tunisia,2000,47,0
Tunisia,2004,54,0
Tunisia,2008,26,1
Tunisia,2012,83,3
Tunisia,2016,61,3
Tunisia,2020,63,2
Tunisia,2024,26,3
Turkey,1960,49,9
Turkey,1964,23,6
Turkey,1968,29,2
Turkey,1972,43,1
Turkey,1976,27,0
Turkey,1984,46,3
Turkey,1988,41,2
Turkey,1992,41,6
Turkey,1996,53,6
Turkey,2000,57,5
Turkey,2004,64,11
Turkey,2008,67,7
Turkey,2012,112,5
Turkey,2016,100,8
Turkey,2020,107,13
Turkmenistan,1996,7,0
Turkmenistan,2000,8,0
Turkmenistan,2004,9,0
Turkmenistan,2008,10,0
Turkmenistan,2012,10,0
Turkmenistan,2016,9,0
Turkmenistan,2020,9,1
Turkmenistan,2024,6,0
Tuvalu,2008,3,0
Tuvalu,2012,3,0
Tuvalu,2016,1,0
Tuvalu,2020,2,0
Tuvalu,2024,2,0
Twinkle,1960,2,0
Türkiye,2024,101,8
UA Emirates,2024,13,0
Uganda,1960,10,0
Uganda,1964,13,0
Uganda,1968,11,2
Uganda,1972,33,2
Uganda,1980,13,1
Uganda,1984,26,0
Uganda,1988,24,0
Uganda,1992,8,0
Uganda,1996,10,1
Uganda,2000,13,0
Uganda,2004,11,0
Uganda,2008,11,0
Uganda,2012,15,1
Uganda,2016,21,0
Uganda,2020,25,4
Uganda,2024,25,2
Ukraine,1996,231,23
Ukraine,2000,230,23
Ukraine,2004,239,22
Ukraine,2008,243,27
Ukraine,2012,230,20
Ukraine,2016,201,11
Ukraine,2020,153,19
Ukraine,2024,141,12
Ukraine-1,2008,2,0
Ukraine-1,2016,2,0
Ukraine-2,2008,2,0
Ukraine-2,2016,2,0
Umberta V,1964,2,0
Unified Team,1992,473,112
Unified Team-1,1992,2,0
Unified Team-2,1992,2,0
United Arab Emirates,1984,7,0
United Arab Emirates,1988,12,0
United Arab Emirates,1992,13,0
United Arab Emirates,1996,4,0
United Arab Emirates,2000,4,0
United Arab Emirates,2004,4,1
United Arab Emirates,2008,8,0
United Arab Emirates,2012,26,0
United Arab Emirates,2016,12,1
United Arab Emirates,2020,5,0
United Arab Republic,1960,74,2
United States,1960,279,69
United States,1964,334,86
United States,1968,355,107
United States,1972,393,94
United States,1976,391,94
United States,1984,519,173
United States,1988,526,94
United States,1992,534,107
United States,1996,635,99
United States,2000,575,90
United States,2004,521,99
United States,2008,575,106
United States,2012,517,98
United States,2016,544,117
United States,2020,633,109
United States,2024,619,118
United States Virgin Islands,1968,6,0
United States Virgin Islands,1972,16,0
United States Virgin Islands,1976,21,0
United States Virgin Islands,1984,29,0
United States Virgin Islands,1988,22,1
United States Virgin Islands,1992,25,0
United States Virgin Islands,1996,12,0
United States Virgin Islands,2000,9,0
United States Virgin Islands,2004,6,0
United States Virgin Islands,2008,7,0
United States Virgin Islands,2012,7,0
United States Virgin Islands,2016,7,0
United States-1,1972,2,0
United States-1,1992,2,1
United States-1,1996,4,1
United States-1,2000,8,1
United States-1,2004,10,1
United States-1,2008,8,3
United States-1,2012,9,4
United States-1,2016,8,2
United States-2,1972,2,0
United States-2,1992,2,0
United States-2,1996,4,1
United States-2,2000,8,0
United States-2,2004,10,1
United States-2,2008,8,1
United States-2,2012,9,1
United States-2,2016,8,2
United States-3,1992,2,0
United States-3,1996,4,0
Uruguay,1960,31,0
Uruguay,1964,23,1
Uruguay,1968,27,0
Uruguay,1972,13,0
Uruguay,1976,9,0
Uruguay,1984,18,0
Uruguay,1988,15,0
Uruguay,1992,16,0
Uruguay,1996,14,0
Uruguay,2000,15,1
Uruguay,2004,15,0
Uruguay,2008,12,0
Uruguay,2012,27,0
Uruguay,2016,17,0
Uruguay,2020,11,0
Uruguay,2024,27,0
Uzbekistan,1996,71,2
Uzbekistan,2000,70,4
Uzbekistan,2004,69,5
Uzbekistan,2008,56,6
Uzbekistan,2012,53,3
Uzbekistan,2016,70,13
Uzbekistan,2020,67,5
Uzbekistan,2024,88,13
Vanuatu,1988,4,0
Vanuatu,1992,6,0
Vanuatu,1996,4,0
Vanuatu,2000,3,0
Vanuatu,2004,2,0
Vanuatu,2008,3,0
Vanuatu,2012,5,0
Vanuatu,2016,4,0
Vanuatu,2020,3,0
Vanuatu,2024,6,0
Venezuela,1960,34,1
Venezuela,1964,14,0
Venezuela,1968,23,1
Venezuela,1972,23,0
Venezuela,1976,32,1
Venezuela,1980,37,1
Venezuela,1984,26,3
Venezuela,1988,17,0
Venezuela,1992,26,0
Venezuela,1996,39,0
Venezuela,2000,50,0
Venezuela,2004,48,2
Venezuela,2008,108,1
Venezuela,2012,68,1
Venezuela,2016,85,3
Venezuela,2020,43,4
Venezuela,2024,31,0
Venilia,1960,3,1
Vento Sul,1964,2,0
Vesania,1960,2,0
Vietnam,1980,29,0
Vietnam,1988,9,0
Vietnam,1992,7,0
Vietnam,1996,6,0
Vietnam,2000,7,1
Vietnam,2004,11,0
Vietnam,2008,13,1
Vietnam,2012,18,0
Vietnam,2016,22,2
Vietnam,2020,18,0
Vietnam,2024,15,0
Viktoriya,1960,3,0
Vim III,1960,2,0
Virgin Islands,2020,4,0
"Virgin Islands, B",2024,4,0
"Virgin Islands, US",2024,5,0
Voloira II,1960,3,0
Web II,1960,3,1
Web III,1964,3,0
West Germany,1968,275,26
West Germany,1972,418,39
West Germany,1976,290,39
West Germany,1984,389,59
West Germany,1988,345,40
West Germany-1,1972,2,1
West Germany-1,1988,2,0
West Germany-2,1972,2,0
West Germany-2,1988,2,0
West Germany-3,1972,2,0
West Indies Federation,1960,11,2
Whisper,2008,1,0
White Lady,1964,3,1
Whitini Star,2008,1,0
Widgeon,1964,2,1
Xolotl,1964,3,0
Yangon,1960,2,0
Yemen,1992,8,0
Yemen,1996,4,0
Yemen,2000,2,0
Yemen,2004,3,0
Yemen,2008,5,0
Yemen,2012,4,0
Yemen,2016,3,0
Yemen,2020,5,0
Yemen,2024,4,0
Yeoman VII,1960,3,0
Yeoman XII,1964,3,0
Yugoslavia,1960,114,2
Yugoslavia,1964,75,5
Yugoslavia,1968,69,8
Yugoslavia,1972,122,5
Yugoslavia,1976,88,8
Yugoslavia,1980,164,9
Yugoslavia,1984,139,18
Yugoslavia,1988,155,12
Yugoslavia-1,1972,2,0
Yugoslavia-2,1972,2,0
Zambia,1964,12,0
Zambia,1968,7,0
Zambia,1972,11,0
Zambia,1980,37,0
Zambia,1984,16,1
Zambia,1988,29,0
Zambia,1992,9,0
Zambia,1996,8,1
Zambia,2000,8,0
Zambia,2004,6,0
Zambia,2008,8,0
Zambia,2012,7,0
Zambia,2016,7,0
Zambia,2020,30,0
Zambia,2024,31,1
Zefyros,1960,2,0
Zimbabwe,1960,4,0
Zimbabwe,1964,27,0
Zimbabwe,1980,42,1
Zimbabwe,1984,15,0
Zimbabwe,1988,29,0
Zimbabwe,1992,19,0
Zimbabwe,1996,13,0
Zimbabwe,2000,16,0
Zimbabwe,2004,12,3
Zimbabwe,2008,13,4
Zimbabwe,2012,7,0
Zimbabwe,2016,30,0
Zimbabwe,2020,5,0
Zimbabwe,2024,7,0
